"","county","year","violent_crime","murder","rape","robbery","assault","property_crime","burglary","larcenytft","mvtft","arson"
"1","Adams",2001,612,4,60,58,490,4558,1106,3296,134,22
"2","Alexander",2001,238,2,18,16,202,770,262,480,24,4
"3","Bond",2001,64,0,6,8,50,492,64,400,26,2
"4","Boone",2001,110,0,44,24,42,2024,356,1500,144,24
"5","Brown",2001,14,0,2,2,10,72,26,44,2,0
"6","Bureau",2001,120,0,14,8,98,1352,250,1046,50,6
"7","Calhoun",2001,80,0,6,0,74,126,52,72,2,0
"8","Carroll",2001,74,0,14,0,60,590,150,420,14,6
"9","Cass",2001,114,0,2,4,108,544,130,400,8,6
"10","Champaign",2001,2786,10,208,336,2232,13186,3328,9254,532,72
"11","Christian",2001,266,2,24,2,238,1524,254,1196,70,4
"12","Clark",2001,88,0,6,0,82,588,184,352,32,20
"13","Clay",2001,38,2,16,2,18,634,80,520,18,16
"14","Clinton",2001,98,0,10,2,86,1144,204,884,56,0
"15","Coles",2001,296,2,66,16,212,1980,370,1486,108,16
"16","Cook",2001,109338,1516,5084,41390,61348,472388,77266,318736,73504,2882
"17","Crawford",2001,92,0,14,4,74,986,192,746,36,12
"18","Cumberland",2001,88,2,8,2,76,288,64,202,16,6
"19","De Witt",2001,112,0,38,6,68,826,116,680,28,2
"20","DeKalb",2001,492,4,98,86,304,5534,842,4434,218,40
"21","Douglas",2001,132,0,4,2,126,550,152,368,24,6
"22","DuPage",2001,2448,20,236,530,1662,43754,4836,36532,2054,332
"23","Edgar",2001,264,0,20,6,238,964,232,664,56,12
"24","Edwards",2001,42,2,8,0,32,206,58,142,4,2
"25","Effingham",2001,214,2,32,12,168,2302,406,1810,80,6
"26","Fayette",2001,82,0,32,0,50,822,228,552,40,2
"27","Ford",2001,52,0,8,4,40,354,94,248,10,2
"28","Franklin",2001,404,0,28,4,372,1590,442,1056,80,12
"29","Fulton",2001,392,0,58,4,330,1898,382,1374,134,8
"30","Gallatin",2001,22,2,0,0,20,198,36,146,16,0
"31","Greene",2001,162,0,2,0,160,282,118,144,20,0
"32","Grundy",2001,66,0,12,6,48,1582,202,1300,74,6
"33","Hamilton",2001,62,2,2,0,58,330,102,212,14,2
"34","Hancock",2001,54,0,4,2,48,806,188,596,16,6
"35","Hardin",2001,16,0,2,0,14,40,10,28,0,2
"36","Henderson",2001,6,2,0,0,4,326,52,268,6,0
"37","Henry",2001,154,0,44,6,104,2024,414,1518,72,20
"38","Iroquois",2001,194,0,22,2,170,834,210,592,28,4
"39","Jackson",2001,660,12,80,114,454,4948,1074,3704,138,32
"40","Jasper",2001,68,0,8,0,60,194,40,146,6,2
"41","Jefferson",2001,522,0,64,60,398,3392,664,2514,194,20
"42","Jersey",2001,96,2,12,4,78,882,132,710,36,4
"43","Jo Daviess",2001,96,0,26,0,70,782,224,512,32,14
"44","Johnson",2001,64,0,6,0,58,372,100,256,10,6
"45","Kane",2001,3164,38,324,818,1984,23402,4396,17396,1440,170
"46","Kankakee",2001,844,18,122,234,470,7116,1258,5376,404,78
"47","Kendall",2001,204,0,34,20,150,2458,534,1798,98,28
"48","Knox",2001,456,8,58,42,348,4142,668,3254,210,10
"49","La Salle",2001,450,6,62,28,354,5556,1038,4284,200,34
"50","Lake",2001,2502,36,344,450,1672,29090,3704,23942,1296,148
"51","Lawrence",2001,36,0,4,0,32,298,60,228,10,0
"52","Lee",2001,284,0,78,20,186,2020,498,1452,66,4
"53","Livingston",2001,148,0,28,4,116,1836,270,1486,70,10
"54","Logan",2001,226,2,16,16,192,1784,286,1386,92,20
"55","Macon",2001,1320,14,148,298,860,9670,2704,6376,424,166
"56","Macoupin",2001,158,2,32,0,124,1790,452,1240,66,32
"57","Madison",2001,2418,28,372,356,1662,18742,4310,12856,1452,124
"58","Marion",2001,226,2,44,24,156,3024,586,2322,116,0
"59","Marshall",2001,62,0,6,0,56,300,46,244,6,4
"60","Mason",2001,154,0,28,0,126,702,162,518,16,6
"61","Massac",2001,172,2,16,8,146,928,244,616,64,4
"62","McDonough",2001,422,2,48,10,362,1350,330,986,28,6
"63","McHenry",2001,858,6,156,48,648,11066,1342,9354,312,58
"64","McLean",2001,1382,4,214,170,994,9338,1792,7130,372,44
"65","Menard",2001,32,0,4,0,28,262,84,174,4,0
"66","Mercer",2001,92,4,28,2,58,458,108,320,24,6
"67","Monroe",2001,32,0,4,0,28,646,192,420,28,6
"68","Montgomery",2001,132,2,14,4,112,1180,402,702,68,8
"69","Morgan",2001,274,0,42,26,206,1956,486,1368,68,34
"70","Moultrie",2001,38,0,2,0,36,296,104,186,6,0
"71","Ogle",2001,150,2,28,12,108,1794,316,1418,58,2
"72","Peoria",2001,2714,32,382,730,1570,21360,4764,14246,2108,242
"73","Perry",2001,108,0,4,4,100,530,116,384,20,10
"74","Piatt",2001,48,0,18,0,30,442,80,350,10,2
"75","Pike",2001,74,0,6,0,68,454,96,336,16,6
"76","Pope",2001,16,0,8,0,8,102,36,60,6,0
"77","Pulaski",2001,150,0,6,6,138,308,92,196,18,2
"78","Putnam",2001,12,0,6,0,6,106,26,78,2,0
"79","Randolph",2001,160,2,20,2,136,886,184,628,66,8
"80","Richland",2001,100,0,10,4,86,1098,298,726,62,12
"81","Rock Island",2001,1598,8,174,208,1208,10480,2100,7792,506,82
"82","Saline",2001,152,0,10,6,136,1908,416,1384,104,4
"83","Sangamon",2001,2358,32,246,464,1616,16590,3906,11666,932,86
"84","Schuyler",2001,14,0,0,0,14,68,14,48,4,2
"85","Scott",2001,62,0,0,0,62,156,62,72,20,2
"86","Shelby",2001,56,0,4,0,52,558,164,362,20,12
"87","St. Clair",2001,6646,68,348,972,5258,22392,5860,12412,3892,228
"88","Stark",2001,52,0,4,2,46,120,34,76,10,0
"89","Stephenson",2001,450,0,52,76,322,3900,608,3190,50,52
"90","Tazewell",2001,874,2,132,56,684,6350,1242,4822,248,38
"91","Union",2001,64,0,22,2,40,642,162,452,28,0
"92","Vermilion",2001,1158,2,130,180,846,7708,1764,5678,228,38
"93","Wabash",2001,46,0,8,4,34,744,138,586,18,2
"94","Warren",2001,106,2,8,6,90,1150,266,814,66,4
"95","Washington",2001,108,0,8,2,98,480,100,358,18,4
"96","Wayne",2001,148,0,18,4,126,698,158,498,34,8
"97","White",2001,92,0,0,2,90,534,72,452,10,0
"98","Whiteside",2001,294,0,64,14,216,3082,520,2386,170,6
"99","Will",2001,3540,18,324,708,2490,24632,4328,18250,1814,240
"100","Williamson",2001,272,2,54,24,192,3882,762,2884,218,18
"101","Winnebago",2001,3288,32,418,1010,1828,33566,7020,23922,2484,140
"102","Woodford",2001,260,8,50,0,202,828,224,560,38,6
"103","Adams",2002,257,0,30,26,201,2001,368,1571,54,8
"104","Alexander",2002,148,0,7,11,130,381,104,258,10,9
"105","Bond",2002,22,0,1,2,19,221,39,172,10,0
"106","Boone",2002,59,0,26,6,27,1006,220,720,60,6
"107","Brown",2002,16,0,1,0,15,31,9,19,1,2
"108","Bureau",2002,49,0,5,8,36,626,153,453,15,5
"109","Calhoun",2002,27,0,1,0,26,61,21,38,2,0
"110","Carroll",2002,40,1,5,0,34,249,42,201,5,1
"111","Cass",2002,58,0,5,0,53,228,17,202,8,1
"112","Champaign",2002,1320,5,125,205,985,6272,1823,4174,236,39
"113","Christian",2002,86,0,9,0,77,793,157,591,41,4
"114","Clark",2002,49,0,4,0,45,215,54,144,15,2
"115","Clay",2002,9,0,3,0,6,324,55,239,25,5
"116","Clinton",2002,54,0,11,5,38,562,80,462,16,4
"117","Coles",2002,140,0,31,11,98,1169,315,803,40,11
"118","Cook",2002,53401,729,2671,20943,29058,231130,38813,157194,33688,1435
"119","Crawford",2002,46,0,9,1,36,454,67,364,17,6
"120","Cumberland",2002,24,0,3,0,21,138,41,87,7,3
"121","DeKalb",2002,219,3,36,25,155,2646,407,2141,79,19
"122","De Witt",2002,47,0,4,2,41,349,62,274,11,2
"123","Douglas",2002,63,0,7,0,56,223,64,146,11,2
"124","DuPage",2002,1244,10,175,217,842,21249,2462,17667,962,158
"125","Edgar",2002,133,0,9,1,123,476,107,319,43,7
"126","Edwards",2002,17,0,2,0,15,149,52,95,0,2
"127","Effingham",2002,150,0,19,4,127,1028,236,732,48,12
"128","Fayette",2002,44,1,12,7,24,395,101,272,19,3
"129","Ford",2002,28,1,6,0,21,205,62,137,6,0
"130","Franklin",2002,178,0,16,7,155,904,293,551,54,6
"131","Fulton",2002,188,0,32,3,153,1015,205,764,31,15
"132","Gallatin",2002,10,0,1,0,9,108,34,69,5,0
"133","Greene",2002,61,0,1,0,60,178,76,88,10,4
"134","Grundy",2002,31,0,7,1,23,907,123,746,32,6
"135","Hamilton",2002,24,0,0,0,24,170,63,101,6,0
"136","Hancock",2002,60,2,3,0,55,280,88,170,17,5
"137","Hardin",2002,30,0,0,0,30,13,2,8,3,0
"138","Henderson",2002,1,0,0,0,1,146,38,100,7,1
"139","Henry",2002,84,1,29,4,50,1341,289,1026,23,3
"140","Iroquois",2002,126,0,14,1,111,421,98,310,13,0
"141","Jackson",2002,388,2,58,86,242,2375,615,1675,60,25
"142","Jasper",2002,49,0,3,0,46,107,24,77,6,0
"143","Jefferson",2002,628,2,29,41,556,1546,361,1120,60,5
"144","Jersey",2002,56,0,6,2,48,567,110,436,18,3
"145","Jo Daviess",2002,51,0,17,1,33,357,81,249,13,14
"146","Johnson",2002,48,0,11,0,37,132,29,94,8,1
"147","Kane",2002,1300,27,147,279,847,11380,1982,8720,594,84
"148","Kankakee",2002,409,6,71,100,232,3333,577,2595,128,33
"149","Kendall",2002,100,1,13,11,75,1360,230,1084,33,13
"150","Knox",2002,248,0,25,35,188,2000,347,1588,61,4
"151","Lake",2002,1443,8,208,296,931,14345,2064,11419,787,75
"152","La Salle",2002,267,2,46,25,194,2917,576,2194,114,33
"153","Lawrence",2002,25,2,4,0,19,115,19,94,2,0
"154","Lee",2002,109,0,37,4,68,998,236,715,39,8
"155","Livingston",2002,62,1,18,2,41,813,153,630,26,4
"156","Logan",2002,130,0,6,10,114,973,215,701,50,7
"157","McDonough",2002,187,2,26,3,156,667,199,446,16,6
"158","McHenry",2002,405,3,70,29,303,5491,799,4519,128,45
"159","McLean",2002,778,4,110,120,544,4771,1122,3456,165,28
"160","Macon",2002,630,8,74,177,371,5169,1722,3174,201,72
"161","Macoupin",2002,94,1,12,2,79,897,172,686,34,5
"162","Madison",2002,1201,10,193,232,766,8853,2118,5965,709,61
"163","Marion",2002,94,1,19,10,64,1552,270,1208,69,5
"164","Marshall",2002,9,0,0,1,8,112,31,80,1,0
"165","Mason",2002,87,0,8,0,79,362,78,263,15,6
"166","Massac",2002,75,1,4,8,62,503,105,364,34,0
"167","Menard",2002,34,0,3,0,31,139,50,85,4,0
"168","Mercer",2002,69,0,14,1,54,154,31,115,5,3
"169","Monroe",2002,26,1,5,1,19,301,75,210,15,1
"170","Montgomery",2002,87,0,10,0,77,627,168,412,41,6
"171","Morgan",2002,131,2,20,21,88,1062,346,668,37,11
"172","Moultrie",2002,31,0,5,0,26,143,37,100,5,1
"173","Ogle",2002,64,1,17,6,40,1043,195,819,26,3
"174","Peoria",2002,1399,13,221,407,758,10462,2282,7083,996,101
"175","Perry",2002,53,2,2,2,47,269,46,210,12,1
"176","Piatt",2002,20,0,4,1,15,205,57,138,9,1
"177","Pike",2002,18,0,2,0,16,202,37,153,10,2
"178","Pope",2002,3,0,0,0,3,15,6,8,1,0
"179","Pulaski",2002,60,0,1,0,59,154,38,110,6,0
"180","Putnam",2002,6,0,3,0,3,61,21,35,4,1
"181","Randolph",2002,65,0,10,0,55,424,121,273,23,7
"182","Richland",2002,37,0,7,1,29,585,135,412,29,9
"183","Rock Island",2002,758,3,90,118,547,5742,1059,4387,245,51
"184","St. Clair",2002,2974,33,205,383,2353,10140,2542,6016,1493,89
"185","Saline",2002,78,1,3,6,68,640,154,447,37,2
"186","Sangamon",2002,1525,7,155,370,993,9922,2188,7222,439,73
"187","Schuyler",2002,9,0,2,0,7,81,23,58,0,0
"188","Scott",2002,15,0,0,0,15,80,28,49,2,1
"189","Shelby",2002,33,0,5,0,28,274,126,135,12,1
"190","Stark",2002,20,3,0,0,17,108,32,73,2,1
"191","Stephenson",2002,166,0,28,33,105,1975,344,1599,23,9
"192","Tazewell",2002,394,0,69,32,293,3197,658,2411,111,17
"193","Union",2002,19,1,7,2,9,257,69,180,6,2
"194","Vermilion",2002,568,3,78,74,413,3881,895,2864,95,27
"195","Wabash",2002,40,0,2,0,38,318,77,236,3,2
"196","Warren",2002,62,0,11,3,48,558,122,413,23,0
"197","Washington",2002,57,0,4,2,51,250,55,179,15,1
"198","Wayne",2002,70,0,6,0,64,387,76,276,31,4
"199","White",2002,68,0,4,3,61,345,76,259,10,0
"200","Whiteside",2002,183,2,47,12,122,1573,300,1189,77,7
"201","Will",2002,1507,15,173,275,1044,12423,2245,9249,771,158
"202","Williamson",2002,132,3,21,14,94,1939,388,1434,107,10
"203","Winnebago",2002,1797,24,248,573,952,18161,4415,12180,1511,55
"204","Woodford",2002,78,1,13,2,62,451,127,302,19,3
"205","ADAMS",2002,257,0,30,26,201,2001,368,1571,54,8
"206","ALEXANDER",2002,148,0,7,11,130,381,104,258,10,9
"207","BOND",2002,22,0,1,2,19,221,39,172,10,0
"208","BOONE",2002,59,0,26,6,27,1006,220,720,60,6
"209","BROWN",2002,16,0,1,0,15,31,9,19,1,2
"210","BUREAU",2002,49,0,5,8,36,626,153,453,15,5
"211","CALHOUN",2002,27,0,1,0,26,61,21,38,2,0
"212","CARROLL",2002,40,1,5,0,34,249,42,201,5,1
"213","CASS",2002,58,0,5,0,53,228,17,202,8,1
"214","CHAMPAIGN",2002,1320,5,125,205,985,6272,1823,4174,236,39
"215","CHRISTIAN",2002,86,0,9,0,77,793,157,591,41,4
"216","CLARK",2002,49,0,4,0,45,215,54,144,15,2
"217","CLAY",2002,9,0,3,0,6,324,55,239,25,5
"218","CLINTON",2002,54,0,11,5,38,562,80,462,16,4
"219","COLES",2002,140,0,31,11,98,1169,315,803,40,11
"220","COOK",2002,53401,729,2671,20943,29058,231130,38813,157194,33688,1435
"221","CRAWFORD",2002,46,0,9,1,36,454,67,364,17,6
"222","CUMBERLAND",2002,24,0,3,0,21,138,41,87,7,3
"223","DE WITT",2002,47,0,4,2,41,349,62,274,11,2
"224","DEKALB",2002,219,3,36,25,155,2646,407,2141,79,19
"225","DOUGLAS",2002,63,0,7,0,56,223,64,146,11,2
"226","DUPAGE",2002,1244,10,175,217,842,21249,2462,17667,962,158
"227","EDGAR",2002,133,0,9,1,123,476,107,319,43,7
"228","EDWARDS",2002,17,0,2,0,15,149,52,95,0,2
"229","EFFINGHAM",2002,150,0,19,4,127,1028,236,732,48,12
"230","FAYETTE",2002,44,1,12,7,24,395,101,272,19,3
"231","FORD",2002,28,1,6,0,21,205,62,137,6,0
"232","FRANKLIN",2002,178,0,16,7,155,904,293,551,54,6
"233","FULTON",2002,188,0,32,3,153,1015,205,764,31,15
"234","GALLATIN",2002,10,0,1,0,9,108,34,69,5,0
"235","GREENE",2002,61,0,1,0,60,178,76,88,10,4
"236","GRUNDY",2002,31,0,7,1,23,907,123,746,32,6
"237","HAMILTON",2002,24,0,0,0,24,170,63,101,6,0
"238","HANCOCK",2002,60,2,3,0,55,280,88,170,17,5
"239","HARDIN",2002,30,0,0,0,30,13,2,8,3,0
"240","HENDERSON",2002,1,0,0,0,1,146,38,100,7,1
"241","HENRY",2002,84,1,29,4,50,1341,289,1026,23,3
"242","IROQUOIS",2002,126,0,14,1,111,421,98,310,13,0
"243","JACKSON",2002,388,2,58,86,242,2375,615,1675,60,25
"244","JASPER",2002,49,0,3,0,46,107,24,77,6,0
"245","JEFFERSON",2002,628,2,29,41,556,1546,361,1120,60,5
"246","JERSEY",2002,56,0,6,2,48,567,110,436,18,3
"247","JO DAVIESS",2002,51,0,17,1,33,357,81,249,13,14
"248","JOHNSON",2002,48,0,11,0,37,132,29,94,8,1
"249","KANE",2002,1300,27,147,279,847,11380,1982,8720,594,84
"250","KANKAKEE",2002,409,6,71,100,232,3333,577,2595,128,33
"251","KENDALL",2002,100,1,13,11,75,1360,230,1084,33,13
"252","KNOX",2002,248,0,25,35,188,2000,347,1588,61,4
"253","LA SALLE",2002,267,2,46,25,194,2917,576,2194,114,33
"254","LAKE",2002,1443,8,208,296,931,14345,2064,11419,787,75
"255","LAWRENCE",2002,25,2,4,0,19,115,19,94,2,0
"256","LEE",2002,109,0,37,4,68,998,236,715,39,8
"257","LIVINGSTON",2002,62,1,18,2,41,813,153,630,26,4
"258","LOGAN",2002,130,0,6,10,114,973,215,701,50,7
"259","MACON",2002,630,8,74,177,371,5169,1722,3174,201,72
"260","MACOUPIN",2002,94,1,12,2,79,897,172,686,34,5
"261","MADISON",2002,1201,10,193,232,766,8853,2118,5965,709,61
"262","MARION",2002,94,1,19,10,64,1552,270,1208,69,5
"263","MARSHALL",2002,9,0,0,1,8,112,31,80,1,0
"264","MASON",2002,87,0,8,0,79,362,78,263,15,6
"265","MASSAC",2002,75,1,4,8,62,503,105,364,34,0
"266","MCDONOUGH",2002,187,2,26,3,156,667,199,446,16,6
"267","MCHENRY",2002,405,3,70,29,303,5491,799,4519,128,45
"268","MCLEAN",2002,778,4,110,120,544,4771,1122,3456,165,28
"269","MENARD",2002,34,0,3,0,31,139,50,85,4,0
"270","MERCER",2002,69,0,14,1,54,154,31,115,5,3
"271","MONROE",2002,26,1,5,1,19,301,75,210,15,1
"272","MONTGOMERY",2002,87,0,10,0,77,627,168,412,41,6
"273","MORGAN",2002,131,2,20,21,88,1062,346,668,37,11
"274","MOULTRIE",2002,31,0,5,0,26,143,37,100,5,1
"275","OGLE",2002,64,1,17,6,40,1043,195,819,26,3
"276","PEORIA",2002,1399,13,221,407,758,10462,2282,7083,996,101
"277","PERRY",2002,53,2,2,2,47,269,46,210,12,1
"278","PIATT",2002,20,0,4,1,15,205,57,138,9,1
"279","PIKE",2002,18,0,2,0,16,202,37,153,10,2
"280","POPE",2002,3,0,0,0,3,15,6,8,1,0
"281","PULASKI",2002,60,0,1,0,59,154,38,110,6,0
"282","PUTNAM",2002,6,0,3,0,3,61,21,35,4,1
"283","RANDOLPH",2002,65,0,10,0,55,424,121,273,23,7
"284","RICHLAND",2002,37,0,7,1,29,585,135,412,29,9
"285","ROCK ISLAND",2002,758,3,90,118,547,5742,1059,4387,245,51
"286","SALINE",2002,78,1,3,6,68,640,154,447,37,2
"287","SANGAMON",2002,1525,7,155,370,993,9922,2188,7222,439,73
"288","SCHUYLER",2002,9,0,2,0,7,81,23,58,0,0
"289","SCOTT",2002,15,0,0,0,15,80,28,49,2,1
"290","SHELBY",2002,33,0,5,0,28,274,126,135,12,1
"291","ST. CLAIR",2002,2974,33,205,383,2353,10140,2542,6016,1493,89
"292","STARK",2002,20,3,0,0,17,108,32,73,2,1
"293","STEPHENSON",2002,166,0,28,33,105,1975,344,1599,23,9
"294","TAZEWELL",2002,394,0,69,32,293,3197,658,2411,111,17
"295","UNION",2002,19,1,7,2,9,257,69,180,6,2
"296","VERMILION",2002,568,3,78,74,413,3881,895,2864,95,27
"297","WABASH",2002,40,0,2,0,38,318,77,236,3,2
"298","WARREN",2002,62,0,11,3,48,558,122,413,23,0
"299","WASHINGTON",2002,57,0,4,2,51,250,55,179,15,1
"300","WAYNE",2002,70,0,6,0,64,387,76,276,31,4
"301","WHITE",2002,68,0,4,3,61,345,76,259,10,0
"302","WHITESIDE",2002,183,2,47,12,122,1573,300,1189,77,7
"303","WILL",2002,1507,15,173,275,1044,12423,2245,9249,771,158
"304","WILLIAMSON",2002,132,3,21,14,94,1939,388,1434,107,10
"305","WINNEBAGO",2002,1797,24,248,573,952,18161,4415,12180,1511,55
"306","WOODFORD",2002,78,1,13,2,62,451,127,302,19,3
"307","Adams",2003,261,4,28,14,215,1471,287,1123,52,9
"308","Alexander",2003,101,2,8,11,80,244,70,166,2,6
"309","Bond",2003,37,0,2,1,34,318,63,239,14,2
"310","Boone",2003,95,2,31,8,54,955,191,718,42,4
"311","Brown",2003,14,0,4,0,10,59,24,31,3,1
"312","Bureau",2003,68,0,10,1,57,558,141,394,20,3
"313","Calhoun",2003,21,0,0,0,21,42,19,22,1,0
"314","Carroll",2003,20,0,6,0,14,228,48,173,6,1
"315","Cass",2003,49,0,2,2,45,305,27,271,7,0
"316","Champaign",2003,1314,5,133,175,1001,6547,1857,4330,317,43
"317","Christian",2003,95,0,22,4,69,632,104,494,28,6
"318","Clark",2003,29,0,8,1,20,225,63,150,11,1
"319","Cumberland",2003,28,0,1,0,27,163,45,116,2,0
"320","Clay",2003,23,1,11,0,11,312,65,236,8,3
"321","Clinton",2003,51,1,8,3,39,542,65,445,31,1
"322","St. Clair",2003,2231,22,159,257,1793,8328,1677,5323,1254,74
"323","Coles",2003,195,0,54,8,133,1331,327,945,48,11
"324","Cook",2003,46578,696,2430,19787,23665,223062,37013,154020,30661,1368
"325","Lake",2003,1498,15,223,328,932,14442,2156,11385,812,89
"326","Kane",2003,1190,21,163,302,704,11148,1795,8667,601,85
"327","McHenry",2003,453,1,92,29,331,5555,701,4658,159,37
"328","Du Page",2003,1191,6,169,252,764,21157,2473,17553,944,187
"329","Will",2003,1273,20,181,269,803,11900,2238,8751,766,145
"330","Crawford",2003,37,0,4,2,31,375,91,270,9,5
"331","De Kalb",2003,255,0,47,20,188,2710,423,2178,94,15
"332","Kendall",2003,112,1,20,12,79,1373,265,1033,57,18
"333","La Salle",2003,252,1,53,19,179,2884,663,2083,105,33
"334","De Witt",2003,52,3,11,3,35,434,78,338,16,2
"335","Douglas",2003,66,0,5,2,59,320,97,206,10,7
"336","Moultrie",2003,38,0,6,0,32,149,45,97,7,0
"337","Piatt",2003,17,1,1,1,14,220,55,156,5,4
"338","Edgar",2003,138,1,11,1,125,505,141,304,55,5
"339","Edwards",2003,32,0,2,0,30,114,27,82,2,3
"340","Effingham",2003,96,1,11,3,81,880,162,685,28,5
"341","Fayette",2003,29,0,12,1,16,421,115,281,23,2
"342","Ford",2003,29,0,6,0,23,185,40,136,7,2
"343","Franklin",2003,190,0,12,9,169,907,276,557,71,3
"344","Fulton",2003,196,0,57,3,136,989,216,718,51,4
"345","Knox",2003,281,0,28,12,241,1911,353,1515,42,1
"346","Gallatin",2003,28,0,0,0,28,151,41,106,3,1
"347","Greene",2003,51,0,5,0,46,126,48,65,7,6
"348","Grundy",2003,39,1,8,7,23,853,120,698,33,2
"349","Hamilton",2003,20,0,0,0,20,123,38,76,7,2
"350","Hancock",2003,61,1,7,0,53,303,87,202,10,4
"351","Henderson",2003,0,0,0,0,0,129,27,97,5,0
"352","McDonough",2003,172,0,44,5,123,667,184,455,24,4
"353","Hardin",2003,37,0,3,0,34,18,5,11,0,2
"354","Henry",2003,79,0,18,3,58,1291,243,1000,44,4
"355","Iroquois",2003,145,0,12,2,131,433,107,311,10,5
"356","Kankakee",2003,435,5,65,109,256,3405,758,2474,141,32
"357","Jackson",2003,363,1,60,73,229,2530,696,1733,85,16
"358","Jasper",2003,24,0,4,0,20,142,41,93,7,1
"359","Jefferson",2003,364,2,54,35,273,1649,464,1125,44,16
"360","Jersey",2003,61,0,8,0,53,586,127,424,30,5
"361","Jo Daviess",2003,36,0,3,1,32,325,67,243,10,5
"362","Johnson",2003,66,0,1,1,64,238,73,146,18,1
"363","Livingston",2003,69,1,16,0,52,893,128,725,28,12
"364","Lawrence",2003,23,0,0,0,23,109,18,87,3,1
"365","Lee",2003,129,0,39,8,82,872,190,646,24,12
"366","Logan",2003,104,3,15,5,81,873,225,591,44,13
"367","McLean",2003,734,2,98,118,516,4402,1091,3134,161,16
"368","Macon",2003,644,8,87,191,358,4701,1470,2931,240,60
"369","Macoupin",2003,105,1,10,3,91,745,137,571,29,8
"370","Sangamon",2003,1812,10,155,342,1305,10851,2559,7710,504,78
"371","Madison",2003,1179,9,163,193,814,9214,2114,6202,848,50
"372","Marion",2003,109,0,25,12,72,1600,322,1182,90,6
"373","Washington",2003,74,2,2,0,70,240,51,177,11,1
"374","Marshall",2003,27,0,3,2,22,120,32,86,1,1
"375","Mason",2003,87,0,13,2,72,339,78,249,8,4
"376","Massac",2003,124,1,11,7,105,464,139,291,33,1
"377","Menard",2003,22,0,6,1,15,117,39,75,2,1
"378","Mercer",2003,91,0,17,3,71,170,27,129,14,0
"379","Monroe",2003,20,0,3,2,15,319,79,220,18,2
"380","Montgomery",2003,103,1,14,4,84,630,163,421,42,4
"381","Morgan",2003,158,3,25,23,107,1004,305,668,22,9
"382","Ogle",2003,52,2,8,4,38,939,170,723,44,2
"383","Peoria",2003,1179,9,161,315,694,9698,2381,6365,855,97
"384","Woodford",2003,81,0,20,4,57,443,118,312,13,0
"385","Perry",2003,50,3,8,1,38,233,59,161,12,1
"386","Pike",2003,87,0,16,0,71,208,48,150,3,7
"387","Pope",2003,0,0,0,0,0,26,10,14,2,0
"388","Pulaski",2003,114,0,2,7,105,164,53,100,8,3
"389","Putnam",2003,5,0,0,0,5,71,18,49,3,1
"390","Randolph",2003,79,0,12,2,65,388,81,279,23,5
"391","Richland",2003,39,0,7,1,31,600,148,398,42,12
"392","Rock Island",2003,803,1,93,111,598,6099,1026,4802,230,41
"393","Saline",2003,60,0,5,1,54,397,103,263,30,1
"394","Schuyler",2003,3,0,0,0,3,70,7,62,1,0
"395","Scott",2003,16,0,0,0,16,50,14,34,2,0
"396","Shelby",2003,33,0,8,0,25,202,67,121,7,7
"397","Stark",2003,24,0,0,0,24,79,22,53,4,0
"398","Stephenson",2003,134,0,15,22,97,1447,266,1156,22,3
"399","Tazewell",2003,482,2,86,20,374,2865,600,2130,117,18
"400","Union",2003,25,0,6,0,19,269,53,202,14,0
"401","Vermilion",2003,516,7,66,58,385,3574,821,2627,106,20
"402","Wabash",2003,30,0,0,1,29,307,58,236,11,2
"403","Warren",2003,57,0,17,3,37,669,200,446,22,1
"404","Wayne",2003,78,2,6,3,67,441,101,310,27,3
"405","White",2003,42,0,6,2,34,344,77,250,14,3
"406","Whiteside",2003,164,1,34,13,116,1767,437,1249,79,2
"407","Williamson",2003,143,1,30,25,87,2066,438,1487,134,7
"408","Winnebago",2003,1749,13,222,552,962,17469,4123,11918,1405,23
"409","Adams",2004,333,1,37,12,283,1796,359,1384,47,6
"410","Alexander",2004,95,2,2,4,87,316,106,194,14,2
"411","Bond",2004,35,0,5,0,30,362,95,249,17,1
"412","Boone",2004,74,1,40,4,29,1061,175,829,46,11
"413","Brown",2004,37,1,6,2,28,63,18,41,3,1
"414","Bureau",2004,51,1,10,0,40,639,152,459,26,2
"415","Calhoun",2004,12,0,0,0,12,26,8,15,3,0
"416","Carroll",2004,22,1,8,0,13,205,43,156,3,3
"417","Cass",2004,72,0,3,0,69,209,42,154,11,2
"418","Champaign",2004,1469,3,152,179,1135,6453,1643,4541,231,38
"419","Christian",2004,82,0,5,1,76,761,100,620,37,4
"420","Clark",2004,21,0,4,0,17,267,89,165,11,2
"421","Cumberland",2004,24,0,2,0,22,130,37,83,5,5
"422","Clay",2004,14,0,6,1,7,306,63,235,8,0
"423","Clinton",2004,33,0,8,2,23,505,71,411,21,2
"424","St. Clair",2004,3411,33,211,391,2776,9132,2214,5624,1211,83
"425","Coles",2004,213,2,36,7,168,1234,282,892,48,12
"426","Cook",2004,43866,554,2319,18312,22681,216706,35997,149601,29967,1141
"427","Lake",2004,1290,9,224,301,756,14377,2165,11351,776,85
"428","Kane",2004,1278,20,174,293,791,11122,1788,8629,630,75
"429","McHenry",2004,418,5,79,27,307,5332,638,4532,137,25
"430","Du Page",2004,1193,16,171,230,776,21045,2650,17354,893,148
"431","Will",2004,1358,17,212,310,819,12287,2266,9194,680,147
"432","Crawford",2004,51,0,8,0,43,395,92,292,10,1
"433","De Kalb",2004,262,0,77,14,171,2816,463,2247,93,13
"434","Kendall",2004,143,2,22,15,104,1372,281,1035,47,9
"435","La Salle",2004,299,1,48,38,212,2936,574,2244,97,21
"436","De Witt",2004,35,0,8,6,21,514,103,397,12,2
"437","Douglas",2004,64,1,7,0,56,221,61,148,12,0
"438","Moultrie",2004,38,0,5,1,32,154,40,112,2,0
"439","Piatt",2004,34,0,3,4,27,232,56,170,6,0
"440","Edgar",2004,126,2,10,5,109,400,127,243,26,4
"441","Edwards",2004,41,0,13,0,28,135,32,94,7,2
"442","Effingham",2004,74,0,14,10,50,849,121,688,27,13
"443","Fayette",2004,17,0,3,0,14,445,92,327,23,3
"444","Ford",2004,31,1,12,0,18,185,46,129,7,3
"445","Franklin",2004,270,0,15,3,252,982,286,635,58,3
"446","Fulton",2004,121,0,34,6,81,659,129,487,36,7
"447","Knox",2004,222,3,31,24,164,2068,407,1593,64,4
"448","Gallatin",2004,30,0,0,0,30,121,18,100,2,1
"449","Greene",2004,62,0,12,0,50,175,72,89,11,3
"450","Grundy",2004,55,0,10,5,40,984,116,820,43,5
"451","Hamilton",2004,28,0,1,0,27,86,22,59,5,0
"452","Hancock",2004,88,0,14,0,74,262,82,161,17,2
"453","Henderson",2004,1,0,0,0,1,126,11,103,12,0
"454","McDonough",2004,224,1,37,4,182,629,172,435,12,10
"455","Hardin",2004,14,0,1,0,13,12,4,4,4,0
"456","Henry",2004,87,0,21,6,60,1393,331,1013,41,8
"457","Iroquois",2004,165,3,11,2,149,400,118,259,21,2
"458","Kankakee",2004,402,2,74,111,215,3338,591,2584,143,20
"459","Jackson",2004,348,0,46,74,228,2532,698,1722,87,25
"460","Jasper",2004,30,1,3,0,26,136,44,87,5,0
"461","Jefferson",2004,300,1,30,37,232,1561,472,1047,39,3
"462","Jersey",2004,67,0,2,1,64,578,117,422,36,3
"463","Jo Daviess",2004,34,2,6,0,26,295,70,217,6,2
"464","Johnson",2004,94,0,14,2,78,223,90,123,10,0
"465","Livingston",2004,65,0,9,2,54,708,114,553,39,2
"466","Lawrence",2004,25,0,1,0,24,104,27,72,4,1
"467","Lee",2004,126,0,50,7,69,828,197,609,20,2
"468","Logan",2004,98,0,11,7,80,770,211,530,23,6
"469","McLean",2004,723,4,115,139,465,4384,954,3247,160,23
"470","Macon",2004,620,5,55,207,353,4519,1303,3003,179,34
"471","Macoupin",2004,111,2,11,5,93,787,174,575,37,1
"472","Sangamon",2004,1891,11,134,306,1440,9761,2257,6946,500,58
"473","Madison",2004,1111,11,178,184,738,8250,1854,5650,681,65
"474","Marion",2004,99,0,13,11,75,1574,354,1139,76,5
"475","Washington",2004,82,0,5,0,77,211,59,141,11,0
"476","Marshall",2004,30,0,4,2,24,109,21,78,9,1
"477","Mason",2004,71,0,15,0,56,333,78,243,4,8
"478","Massac",2004,85,0,7,6,72,503,131,331,38,3
"479","Menard",2004,31,1,6,1,23,92,22,66,3,1
"480","Mercer",2004,61,0,13,1,47,157,17,131,8,1
"481","Monroe",2004,35,0,7,0,28,267,69,175,18,5
"482","Montgomery",2004,75,2,11,1,61,584,134,412,34,4
"483","Morgan",2004,150,0,20,19,111,849,245,576,20,8
"484","Ogle",2004,50,0,8,2,40,892,130,702,53,7
"485","Peoria",2004,1352,16,148,366,822,8732,2137,5725,753,117
"486","Woodford",2004,88,0,22,0,66,463,91,344,23,5
"487","Perry",2004,111,1,19,3,88,241,82,145,9,5
"488","Pike",2004,24,0,2,1,21,152,36,106,8,2
"489","Pope",2004,8,0,0,0,8,32,17,15,0,0
"490","Pulaski",2004,74,0,2,2,70,128,36,83,9,0
"491","Putnam",2004,7,0,1,0,6,70,19,45,6,0
"492","Randolph",2004,41,1,9,0,31,353,76,242,26,9
"493","Richland",2004,43,0,4,3,36,586,136,419,27,4
"494","Rock Island",2004,809,2,108,131,568,6364,1192,4872,270,30
"495","Saline",2004,54,1,12,1,40,321,84,212,21,4
"496","Schuyler",2004,9,0,0,1,8,79,15,62,2,0
"497","Scott",2004,18,0,1,0,17,44,15,25,2,2
"498","Shelby",2004,47,1,15,0,31,188,57,116,11,4
"499","Stark",2004,26,0,0,0,26,65,28,30,7,0
"500","Stephenson",2004,105,1,20,13,71,1244,232,997,10,5
"501","Tazewell",2004,498,2,93,26,377,2690,569,1997,110,14
"502","Union",2004,22,0,3,2,17,247,67,166,14,0
"503","Vermilion",2004,572,7,80,73,412,3104,835,2198,56,15
"504","Wabash",2004,21,0,4,2,15,435,75,351,8,1
"505","Warren",2004,55,1,4,2,48,517,93,379,43,2
"506","Wayne",2004,65,0,2,2,61,317,60,239,16,2
"507","White",2004,77,1,7,1,68,323,73,239,5,6
"508","Whiteside",2004,110,5,37,7,61,1571,422,1075,72,2
"509","Williamson",2004,141,0,34,21,86,2061,489,1428,134,10
"510","Winnebago",2004,1782,15,207,560,1000,16372,3718,11262,1375,17
"511","Adams",2005,350,1,47,19,283,1888,365,1473,45,5
"512","Alexander",2005,65,0,4,7,54,341,130,185,24,2
"513","Bond",2005,53,0,8,1,44,302,49,233,19,1
"514","Boone",2005,59,0,26,8,25,971,154,751,54,12
"515","Brown",2005,30,0,5,0,25,95,59,34,2,0
"516","Bureau",2005,69,0,10,4,55,634,102,490,29,13
"517","Calhoun",2005,15,0,0,0,15,30,10,19,1,0
"518","Carroll",2005,25,0,7,1,17,216,29,176,8,3
"519","Cass",2005,41,0,5,0,36,265,43,210,11,1
"520","Champaign",2005,1444,5,162,225,1052,6919,1606,5020,230,63
"521","Christian",2005,124,0,12,0,112,749,131,580,32,6
"522","Clark",2005,34,0,4,2,28,197,62,116,18,1
"523","Cumberland",2005,45,0,2,0,43,123,33,86,2,2
"524","Clay",2005,12,0,4,0,8,239,39,190,6,4
"525","Clinton",2005,76,0,19,1,56,600,114,468,17,1
"526","St. Clair",2005,3630,46,208,495,2881,8966,2193,5511,1162,100
"527","Coles",2005,143,0,28,12,103,1405,339,1009,48,9
"528","Cook",2005,43789,546,2340,18616,22287,203817,37022,136502,29248,1045
"529","Lake",2005,1413,13,220,272,908,13810,2166,10961,593,90
"530","Kane",2005,1376,19,197,386,774,12343,2106,9449,701,87
"531","McHenry",2005,386,2,73,35,276,5279,662,4425,162,30
"532","Du Page",2005,1265,9,203,248,805,20461,2526,17004,811,120
"533","Will",2005,1317,19,167,306,825,12571,2103,9680,650,138
"534","Crawford",2005,49,0,14,0,35,316,51,245,14,6
"535","De Kalb",2005,273,2,45,29,197,2799,435,2262,84,18
"536","Kendall",2005,148,2,31,16,99,1567,259,1252,51,5
"537","La Salle",2005,299,0,50,27,222,2860,549,2185,108,18
"538","De Witt",2005,42,0,9,6,27,462,75,375,12,0
"539","Douglas",2005,64,0,4,1,59,195,51,132,10,2
"540","Moultrie",2005,29,0,12,0,17,124,36,81,6,1
"541","Piatt",2005,22,0,0,1,21,192,42,139,11,0
"542","Edgar",2005,108,0,9,1,98,321,113,180,25,3
"543","Edwards",2005,46,0,18,1,27,134,48,79,6,1
"544","Effingham",2005,90,0,18,6,66,823,103,688,30,2
"545","Fayette",2005,29,0,9,3,17,401,89,303,9,0
"546","Ford",2005,45,1,3,3,38,191,48,139,2,2
"547","Franklin",2005,245,0,19,4,222,1024,262,686,70,6
"548","Fulton",2005,116,0,31,4,81,751,167,546,34,4
"549","Knox",2005,227,0,26,32,169,2081,545,1474,46,16
"550","Gallatin",2005,29,0,1,0,28,119,16,96,6,1
"551","Greene",2005,62,0,13,0,49,164,49,93,14,8
"552","Grundy",2005,62,0,13,4,45,975,138,802,32,3
"553","Hamilton",2005,30,0,0,0,30,93,39,52,2,0
"554","Hancock",2005,88,1,12,0,75,250,91,145,14,0
"555","Henderson",2005,9,0,0,0,9,138,33,97,7,1
"556","McDonough",2005,242,0,31,2,209,646,197,414,25,10
"557","Hardin",2005,23,0,1,0,22,23,5,14,4,0
"558","Henry",2005,102,0,27,8,67,1303,274,984,41,4
"559","Iroquois",2005,133,0,17,1,115,410,114,281,13,2
"560","Kankakee",2005,421,5,77,108,231,3285,583,2538,135,29
"561","Jackson",2005,395,2,54,80,259,2721,756,1847,88,30
"562","Jasper",2005,27,0,3,0,24,156,31,118,7,0
"563","Jefferson",2005,336,0,38,43,255,1802,577,1177,40,8
"564","Jersey",2005,45,0,10,1,34,520,93,397,23,7
"565","Jo Daviess",2005,53,0,15,0,38,282,53,213,14,2
"566","Johnson",2005,81,0,6,1,74,159,46,104,8,1
"567","Livingston",2005,64,0,9,7,48,750,145,578,23,4
"568","Lawrence",2005,15,0,4,0,11,86,20,65,1,0
"569","Lee",2005,99,1,39,4,55,840,282,535,20,3
"570","Logan",2005,108,0,15,6,87,792,156,598,34,4
"571","McLean",2005,790,5,97,129,559,4507,1014,3276,183,34
"572","Macon",2005,777,9,86,248,434,4834,1649,2916,225,44
"573","Macoupin",2005,107,1,8,8,90,707,171,514,21,1
"574","Sangamon",2005,1859,5,128,279,1447,9068,2134,6435,438,61
"575","Madison",2005,1150,11,215,181,743,8815,1855,6243,649,68
"576","Marion",2005,81,0,8,13,60,1399,309,1000,85,5
"577","Washington",2005,73,0,4,0,69,237,53,164,14,6
"578","Marshall",2005,27,0,6,1,20,112,17,89,6,0
"579","Mason",2005,85,0,16,2,67,284,75,201,7,1
"580","Massac",2005,117,0,6,8,103,532,156,336,37,3
"581","Menard",2005,20,0,3,0,17,119,34,71,10,4
"582","Mercer",2005,76,0,13,0,63,207,52,148,6,1
"583","Monroe",2005,28,0,8,2,18,340,103,218,17,2
"584","Montgomery",2005,167,0,13,0,154,511,150,329,24,8
"585","Morgan",2005,161,4,23,22,112,805,229,535,29,12
"586","Ogle",2005,57,0,4,9,44,1055,198,810,45,2
"587","Peoria",2005,1441,17,169,409,846,9545,2334,6208,907,96
"588","Woodford",2005,100,0,32,1,67,550,137,382,27,4
"589","Perry",2005,107,2,10,6,89,304,110,178,12,4
"590","Pike",2005,28,0,2,1,25,150,32,105,11,2
"591","Pope",2005,7,0,0,0,7,33,4,24,5,0
"592","Pulaski",2005,75,0,5,1,69,103,31,59,9,4
"593","Putnam",2005,3,0,1,0,2,54,11,41,2,0
"594","Randolph",2005,94,0,16,3,75,426,112,283,26,5
"595","Richland",2005,46,0,12,1,33,462,85,349,24,4
"596","Rock Island",2005,812,5,106,124,577,5887,1202,4396,258,31
"597","Saline",2005,61,0,12,1,48,440,99,314,26,1
"598","Schuyler",2005,3,0,0,0,3,86,13,73,0,0
"599","Scott",2005,12,0,1,0,11,59,13,41,4,1
"600","Shelby",2005,54,0,10,0,44,163,48,106,7,2
"601","Stark",2005,13,0,3,0,10,53,18,29,5,1
"602","Stephenson",2005,142,0,29,17,96,1300,223,1058,15,4
"603","Tazewell",2005,494,0,85,24,385,2833,601,2091,116,25
"604","Union",2005,22,0,1,2,19,252,54,169,28,1
"605","Vermilion",2005,481,5,72,67,337,3181,918,2137,100,26
"606","Wabash",2005,20,0,5,2,13,461,94,351,14,2
"607","Warren",2005,53,0,9,3,41,483,103,359,19,2
"608","Wayne",2005,66,0,7,0,59,224,55,160,3,6
"609","White",2005,70,1,10,0,59,326,91,232,2,1
"610","Whiteside",2005,199,0,64,18,117,1379,342,966,60,11
"611","Williamson",2005,383,3,28,17,335,1920,439,1345,121,15
"612","Winnebago",2005,1849,24,221,579,1025,15424,3480,10685,1211,48
"613","Adams",2006,330,1,41,15,273,1807,344,1410,49,4
"614","Alexander",2006,147,0,8,16,123,271,92,158,20,1
"615","Bond",2006,36,0,12,4,20,322,83,220,18,1
"616","Boone",2006,65,0,19,12,34,1102,180,864,52,6
"617","Brown",2006,29,0,1,0,28,63,17,43,0,3
"618","Bureau",2006,62,0,11,5,46,621,125,464,27,5
"619","Calhoun",2006,15,0,0,0,15,39,20,18,1,0
"620","Carroll",2006,31,0,9,1,21,195,50,140,4,1
"621","Cass",2006,31,0,1,0,30,171,26,141,3,1
"622","Champaign",2006,1308,4,118,174,1012,5955,1663,3992,244,56
"623","Christian",2006,170,0,15,4,151,730,130,558,38,4
"624","Clark",2006,31,0,6,3,22,204,60,128,14,2
"625","Cumberland",2006,39,0,3,0,36,153,48,94,11,0
"626","Clay",2006,9,0,3,0,6,190,40,144,5,1
"627","Clinton",2006,47,1,14,2,30,411,58,315,33,5
"628","St. Clair",2006,3429,37,204,611,2577,9207,2212,5693,1199,103
"629","Coles",2006,152,2,29,5,116,1271,307,923,40,1
"630","Cook",2006,42918,574,2254,18887,21203,201198,35906,136166,28014,1112
"631","Lake",2006,1426,10,194,349,873,14255,2146,11416,628,65
"632","Kane",2006,1334,6,212,298,818,11252,2138,8324,721,69
"633","McHenry",2006,398,0,76,36,286,5542,825,4549,147,21
"634","Du Page",2006,1210,10,177,227,796,19474,2396,16214,763,101
"635","Will",2006,1523,19,201,380,923,12838,2321,9770,616,131
"636","Crawford",2006,47,0,10,1,36,353,110,224,15,4
"637","De Kalb",2006,281,2,51,39,189,2704,428,2174,93,9
"638","Kendall",2006,118,0,33,13,72,1940,358,1509,56,17
"639","La Salle",2006,307,2,65,24,216,2864,570,2181,94,19
"640","De Witt",2006,28,1,8,1,18,445,67,357,21,0
"641","Douglas",2006,69,0,8,3,58,264,101,151,10,2
"642","Moultrie",2006,28,0,4,0,24,132,29,91,9,3
"643","Piatt",2006,33,1,5,0,27,211,57,149,5,0
"644","Edgar",2006,113,0,14,1,98,246,80,156,10,0
"645","Edwards",2006,20,0,5,1,14,96,29,67,0,0
"646","Effingham",2006,97,0,22,8,67,832,112,697,19,4
"647","Fayette",2006,30,0,9,1,20,391,119,257,15,0
"648","Ford",2006,42,0,2,2,38,226,60,163,3,0
"649","Franklin",2006,267,3,20,7,237,1176,325,782,64,5
"650","Fulton",2006,100,1,18,5,76,628,130,465,29,4
"651","Knox",2006,201,1,33,29,138,2127,618,1456,48,5
"652","Gallatin",2006,23,0,0,0,23,125,15,109,1,0
"653","Greene",2006,77,0,5,0,72,180,56,105,15,4
"654","Grundy",2006,56,1,13,10,32,1063,156,871,32,4
"655","Hamilton",2006,26,0,3,0,23,107,29,66,11,1
"656","Hancock",2006,62,0,1,1,60,250,100,136,14,0
"657","Henderson",2006,0,0,0,0,0,172,35,133,4,0
"658","McDonough",2006,109,0,25,5,79,624,148,448,23,5
"659","Hardin",2006,14,0,4,0,10,8,3,5,0,0
"660","Henry",2006,112,0,23,3,86,1346,263,1025,51,7
"661","Iroquois",2006,131,1,12,3,115,388,137,230,21,0
"662","Kankakee",2006,424,4,47,133,240,3455,674,2624,128,29
"663","Jackson",2006,420,3,61,80,276,2445,655,1716,52,22
"664","Jasper",2006,39,0,5,1,33,154,42,108,4,0
"665","Jefferson",2006,317,1,30,25,261,1642,520,1070,38,14
"666","Jersey",2006,49,0,6,0,43,573,115,434,21,3
"667","Jo Daviess",2006,61,1,14,1,45,324,52,251,18,3
"668","Johnson",2006,65,0,5,1,59,197,56,128,11,2
"669","Livingston",2006,58,0,12,1,45,663,112,527,21,3
"670","Lawrence",2006,76,1,5,1,69,194,49,129,11,5
"671","Lee",2006,109,1,45,7,56,764,175,563,21,5
"672","Logan",2006,141,0,19,12,110,810,197,575,36,2
"673","McLean",2006,741,1,122,111,507,4369,960,3211,163,35
"674","Macon",2006,706,10,79,185,432,4590,1641,2653,255,41
"675","Macoupin",2006,86,0,12,5,69,677,143,498,33,3
"676","Sangamon",2006,1975,8,135,377,1455,9356,2373,6406,507,70
"677","Madison",2006,1092,10,191,201,690,7947,1789,5528,573,57
"678","Marion",2006,155,0,18,22,115,1478,355,1044,76,3
"679","Washington",2006,56,0,3,0,53,225,53,160,12,0
"680","Marshall",2006,38,0,6,3,29,121,26,86,6,3
"681","Mason",2006,80,3,17,0,60,327,83,235,4,5
"682","Massac",2006,96,1,8,9,78,417,112,280,22,3
"683","Menard",2006,18,0,4,0,14,96,27,65,2,2
"684","Mercer",2006,47,0,15,1,31,172,66,99,7,0
"685","Monroe",2006,30,0,7,1,22,310,79,199,30,2
"686","Montgomery",2006,175,0,17,1,157,573,147,390,29,7
"687","Morgan",2006,122,1,23,16,82,784,222,536,14,12
"688","Ogle",2006,52,0,13,7,32,964,207,718,33,6
"689","Peoria",2006,1387,20,112,421,834,8516,2030,5734,682,70
"690","Woodford",2006,91,0,16,2,73,535,112,406,15,2
"691","Perry",2006,75,0,13,1,61,203,68,125,8,2
"692","Pike",2006,36,0,8,0,28,117,38,68,7,4
"693","Pope",2006,12,0,0,0,12,16,4,11,1,0
"694","Pulaski",2006,75,0,2,1,72,111,35,65,10,1
"695","Putnam",2006,2,0,1,0,1,59,13,42,4,0
"696","Randolph",2006,91,0,8,4,79,364,100,250,13,1
"697","Richland",2006,27,0,4,3,20,423,96,295,28,4
"698","Rock Island",2006,847,10,107,134,596,6011,1320,4409,241,41
"699","Saline",2006,59,0,6,0,53,433,91,319,20,3
"700","Schuyler",2006,7,0,0,0,7,78,14,61,1,2
"701","Scott",2006,17,0,2,0,15,39,14,22,3,0
"702","Shelby",2006,48,0,11,0,37,167,58,98,8,3
"703","Stark",2006,21,0,3,0,18,63,15,42,4,2
"704","Stephenson",2006,144,0,21,19,104,1740,275,1445,13,7
"705","Tazewell",2006,487,2,60,28,397,2619,590,1897,112,20
"706","Union",2006,27,2,6,2,17,173,30,131,12,0
"707","Vermilion",2006,585,2,67,121,395,3735,1174,2373,157,31
"708","Wabash",2006,19,0,3,0,16,290,42,239,7,2
"709","Warren",2006,57,0,9,6,42,560,124,412,15,9
"710","Wayne",2006,90,0,4,0,86,209,35,160,12,2
"711","White",2006,38,1,8,0,29,322,74,243,2,3
"712","Whiteside",2006,164,2,32,10,120,1529,384,1066,74,5
"713","Williamson",2006,380,1,37,31,311,1774,398,1255,117,4
"714","Winnebago",2006,2081,18,186,646,1231,16264,3873,11333,1015,43
"715","Adams",2007,247,1,53,19,174,1694,324,1317,49,4
"716","Alexander",2007,166,0,7,6,153,306,96,194,15,1
"717","Bond",2007,34,0,3,4,27,309,77,224,8,0
"718","Boone",2007,79,3,34,8,34,968,143,781,41,3
"719","Brown",2007,20,0,1,0,19,42,22,19,1,0
"720","Bureau",2007,66,0,8,5,53,607,137,454,16,0
"721","Calhoun",2007,15,0,0,0,15,51,19,31,1,0
"722","Carroll",2007,12,0,1,0,11,194,45,144,4,1
"723","Cass",2007,43,1,2,5,35,217,65,141,7,4
"724","Champaign",2007,1492,5,141,172,1174,5578,1432,3865,251,30
"725","Christian",2007,119,0,7,4,108,738,150,532,47,9
"726","Clark",2007,21,0,2,0,19,211,86,116,6,3
"727","Cumberland",2007,30,0,2,0,28,139,44,91,4,0
"728","Clay",2007,18,0,7,1,10,240,62,164,10,4
"729","Clinton",2007,23,0,5,1,17,416,45,344,27,0
"730","St. Clair",2007,3488,46,182,637,2623,10625,2434,6715,1347,129
"731","Coles",2007,139,1,31,3,104,1135,302,761,63,9
"732","Cook",2007,41712,523,2255,18288,20646,197185,36508,134930,24729,1018
"733","Lake",2007,1370,10,199,356,805,14168,2217,11306,576,69
"734","Kane",2007,1385,20,209,268,888,10894,2126,8136,564,68
"735","McHenry",2007,538,0,86,43,409,5355,851,4328,151,25
"736","Du Page",2007,1180,11,153,257,759,18616,2245,15577,688,106
"737","Will",2007,1517,18,198,338,963,12778,2354,9625,679,120
"738","Crawford",2007,48,0,8,3,37,325,105,205,13,2
"739","De Kalb",2007,274,3,53,45,173,2608,426,2122,53,7
"740","Kendall",2007,112,1,29,10,72,1770,289,1422,44,15
"741","La Salle",2007,310,0,50,16,244,2730,513,2143,64,10
"742","De Witt",2007,32,0,13,4,15,431,56,364,10,1
"743","Douglas",2007,56,0,2,2,52,192,54,124,12,2
"744","Moultrie",2007,30,0,11,0,19,168,33,123,10,2
"745","Piatt",2007,38,0,15,0,23,230,59,165,6,0
"746","Edgar",2007,96,0,12,0,84,279,94,165,15,5
"747","Edwards",2007,33,0,9,0,24,131,44,80,7,0
"748","Effingham",2007,79,0,14,9,56,705,66,600,35,4
"749","Fayette",2007,51,0,12,1,38,411,105,288,16,2
"750","Ford",2007,45,0,6,2,37,265,57,200,5,3
"751","Franklin",2007,244,0,13,7,224,1061,281,705,67,8
"752","Fulton",2007,76,1,26,1,48,677,150,509,14,4
"753","Knox",2007,197,0,10,24,163,1878,558,1266,47,7
"754","Gallatin",2007,24,0,0,0,24,113,24,83,6,0
"755","Greene",2007,66,0,5,1,60,131,42,84,5,0
"756","Grundy",2007,57,0,22,8,27,1271,203,1011,55,2
"757","Hamilton",2007,20,0,1,5,14,112,42,60,7,3
"758","Hancock",2007,83,0,4,1,78,219,49,156,10,4
"759","Henderson",2007,0,0,0,0,0,185,33,138,10,4
"760","McDonough",2007,45,0,11,4,30,616,113,483,16,4
"761","Hardin",2007,28,0,1,0,27,24,12,10,0,2
"762","Henry",2007,129,0,21,17,91,1246,238,977,25,6
"763","Iroquois",2007,91,0,12,4,75,325,100,215,8,2
"764","Kankakee",2007,390,6,45,125,214,3546,714,2692,109,31
"765","Jackson",2007,391,1,61,59,270,2566,702,1776,71,17
"766","Jasper",2007,42,0,4,0,38,121,34,80,6,1
"767","Jefferson",2007,345,0,45,28,272,1532,508,991,22,11
"768","Jersey",2007,47,0,9,0,38,550,128,400,20,2
"769","Jo Daviess",2007,25,0,3,0,22,390,76,289,24,1
"770","Johnson",2007,71,0,9,1,61,141,36,95,10,0
"771","Livingston",2007,46,0,11,3,32,713,138,546,23,6
"772","Lawrence",2007,59,0,3,1,55,151,33,102,15,1
"773","Lee",2007,96,0,41,4,51,826,176,638,11,1
"774","Logan",2007,123,0,19,11,93,764,157,572,29,6
"775","McLean",2007,817,3,134,128,552,4325,1056,3069,168,32
"776","Macon",2007,692,7,113,149,423,3981,1177,2508,252,44
"777","Macoupin",2007,93,0,20,2,71,695,144,502,39,10
"778","Sangamon",2007,2131,8,140,350,1633,8880,1938,6438,436,68
"779","Madison",2007,1133,10,153,163,807,8561,1801,6165,555,40
"780","Marion",2007,132,1,22,18,91,1372,211,1088,67,6
"781","Washington",2007,70,0,2,0,68,211,76,117,17,1
"782","Marshall",2007,48,0,2,1,45,116,23,88,5,0
"783","Mason",2007,103,0,22,0,81,314,77,217,17,3
"784","Massac",2007,83,0,5,0,78,417,95,305,15,2
"785","Menard",2007,28,0,5,1,22,116,46,67,3,0
"786","Mercer",2007,79,0,14,0,65,249,100,128,21,0
"787","Monroe",2007,27,0,6,0,21,361,92,248,17,4
"788","Montgomery",2007,150,1,10,1,138,525,118,387,11,9
"789","Morgan",2007,102,2,14,6,80,741,215,505,10,11
"790","Ogle",2007,67,0,5,6,56,955,200,717,33,5
"791","Peoria",2007,1316,17,115,419,765,7068,1608,4845,547,68
"792","Woodford",2007,71,0,24,5,42,418,77,317,21,3
"793","Perry",2007,57,0,7,2,48,220,61,142,14,3
"794","Pike",2007,39,0,15,0,24,110,21,76,9,4
"795","Pope",2007,4,0,0,0,4,9,3,3,1,2
"796","Pulaski",2007,34,0,0,0,34,117,30,80,7,0
"797","Putnam",2007,6,0,1,0,5,49,12,36,1,0
"798","Randolph",2007,80,0,4,1,75,337,101,229,5,2
"799","Richland",2007,30,0,8,3,19,420,99,305,9,7
"800","Rock Island",2007,949,4,77,140,728,5350,1159,3836,308,47
"801","Saline",2007,177,0,9,0,168,732,217,492,21,2
"802","Schuyler",2007,16,0,0,0,16,108,31,76,0,1
"803","Scott",2007,5,0,0,0,5,36,11,23,2,0
"804","Shelby",2007,46,0,11,0,35,253,56,184,10,3
"805","Stark",2007,12,0,1,0,11,55,8,44,3,0
"806","Stephenson",2007,128,3,24,18,83,1467,283,1169,11,4
"807","Tazewell",2007,470,2,80,35,353,2813,614,2000,177,22
"808","Union",2007,27,0,9,3,15,173,44,113,16,0
"809","Vermilion",2007,616,6,89,143,378,3520,977,2330,184,29
"810","Wabash",2007,16,0,4,1,11,263,55,200,7,1
"811","Warren",2007,87,1,15,4,67,634,134,481,18,1
"812","Wayne",2007,86,3,2,2,79,246,46,193,5,2
"813","White",2007,43,0,11,0,32,327,75,244,8,0
"814","Whiteside",2007,149,1,37,14,97,1419,308,1052,55,4
"815","Williamson",2007,203,2,36,16,149,1859,506,1235,116,2
"816","Winnebago",2007,2169,30,154,694,1291,14204,3389,9821,877,117
"817","Adams",2008,484,4,82,40,358,3474,786,2582,90,16
"818","Alexander",2008,310,0,18,12,280,618,208,360,40,10
"819","Bond",2008,46,0,2,10,34,528,104,394,28,2
"820","Boone",2008,186,0,58,16,112,2014,406,1534,66,8
"821","Brown",2008,72,0,12,0,60,86,30,54,0,2
"822","Bureau",2008,58,0,22,2,34,1172,282,858,28,4
"823","Calhoun",2008,40,0,2,0,38,190,44,140,6,0
"824","Carroll",2008,14,0,6,0,8,396,80,310,6,0
"825","Cass",2008,62,2,8,4,48,472,106,350,14,2
"826","Champaign",2008,2928,14,278,296,2340,11550,3636,7434,414,66
"827","Christian",2008,298,4,40,2,252,1132,256,822,38,16
"828","Clark",2008,62,6,8,2,46,488,184,288,12,4
"829","Cumberland",2008,52,0,0,0,52,266,90,172,4,0
"830","Clay",2008,34,0,20,0,14,444,62,366,16,0
"831","Clinton",2008,72,4,24,4,40,1086,90,978,18,0
"832","St. Clair",2008,6406,70,376,1160,4800,20508,4946,13070,2272,220
"833","Coles",2008,330,0,74,24,232,2184,564,1514,94,12
"834","Cook",2008,84692,1168,4416,39002,40106,406516,77618,277910,49108,1880
"835","Lake",2008,2610,20,414,576,1600,27658,4878,21754,918,108
"836","Kane",2008,2760,10,414,502,1834,21150,4052,15974,998,126
"837","McHenry",2008,974,4,168,86,716,10450,1646,8458,310,36
"838","Du Page",2008,2066,12,354,466,1234,36368,5060,29850,1256,202
"839","Will",2008,2714,32,338,670,1674,24772,4498,19042,1076,156
"840","Crawford",2008,94,0,14,4,76,686,142,514,22,8
"841","De Kalb",2008,522,10,110,82,320,4956,702,4088,144,22
"842","Kendall",2008,222,0,62,30,130,3642,658,2878,82,24
"843","La Salle",2008,476,2,114,26,334,5380,1122,4130,102,26
"844","De Witt",2008,44,0,16,6,22,864,104,736,18,6
"845","Douglas",2008,112,0,10,2,100,476,158,294,20,4
"846","Moultrie",2008,40,0,10,0,30,340,68,252,18,2
"847","Piatt",2008,38,0,6,0,32,484,148,308,22,6
"848","Edgar",2008,160,4,24,4,128,512,144,340,26,2
"849","Edwards",2008,82,0,12,2,68,380,108,262,10,0
"850","Effingham",2008,172,0,26,14,132,1250,176,1010,58,6
"851","Fayette",2008,72,0,22,4,46,690,128,528,34,0
"852","Ford",2008,80,0,2,2,76,456,124,320,6,6
"853","Franklin",2008,516,0,74,10,432,1860,522,1264,60,14
"854","Fulton",2008,116,0,28,4,84,1114,248,830,20,16
"855","Knox",2008,404,4,52,54,294,3042,848,2096,86,12
"856","Gallatin",2008,50,2,2,0,46,206,38,156,4,8
"857","Greene",2008,102,0,10,2,90,266,76,168,20,2
"858","Grundy",2008,202,0,42,26,134,2758,352,2314,80,12
"859","Hamilton",2008,38,0,0,0,38,160,40,114,6,0
"860","Hancock",2008,86,0,10,2,74,434,110,298,22,4
"861","Henderson",2008,22,0,4,0,18,244,58,174,6,6
"862","McDonough",2008,86,0,14,6,66,1240,204,1030,4,2
"863","Hardin",2008,26,0,2,0,24,50,12,30,6,2
"864","Henry",2008,198,2,52,2,142,1906,256,1600,44,6
"865","Iroquois",2008,40,2,18,4,16,716,274,412,28,2
"866","Kankakee",2008,868,2,122,222,522,6632,1380,4990,222,40
"867","Jackson",2008,814,6,114,130,564,4680,1164,3382,114,20
"868","Jasper",2008,74,0,14,0,60,222,56,158,8,0
"869","Jefferson",2008,632,0,66,60,506,3066,1128,1856,72,10
"870","Jersey",2008,98,0,32,0,66,944,230,662,50,2
"871","Jo Daviess",2008,62,0,12,2,48,648,150,482,16,0
"872","Johnson",2008,150,0,14,0,136,368,106,248,14,0
"873","Livingston",2008,142,0,40,2,100,1630,278,1294,52,6
"874","Lawrence",2008,74,0,10,2,62,258,88,142,10,18
"875","Lee",2008,122,0,54,2,66,1700,240,1422,34,4
"876","Logan",2008,228,0,32,16,180,1690,326,1316,44,4
"877","McLean",2008,1748,16,178,286,1268,8682,2128,6158,346,50
"878","Macon",2008,1250,18,204,332,696,7318,2532,4254,456,76
"879","Macoupin",2008,182,0,22,0,160,1464,406,1004,44,10
"880","Sangamon",2008,4432,12,312,754,3354,17731,4310,12462,837,122
"881","Madison",2008,2160,30,384,472,1274,15168,3396,10804,878,90
"882","Marion",2008,268,0,18,34,216,2760,574,2024,118,44
"883","Washington",2008,196,0,12,6,178,502,160,318,20,4
"884","Marshall",2008,90,2,12,0,76,310,86,220,4,0
"885","Mason",2008,202,0,44,0,158,550,98,434,12,6
"886","Massac",2008,204,2,26,16,160,964,228,714,18,4
"887","Menard",2008,62,0,8,0,54,234,116,116,0,2
"888","Mercer",2008,136,2,24,2,108,546,170,330,44,2
"889","Monroe",2008,34,0,10,4,20,690,192,470,26,2
"890","Montgomery",2008,362,2,32,8,320,1084,248,792,32,12
"891","Morgan",2008,270,2,48,24,196,1370,448,860,34,28
"892","Ogle",2008,90,2,10,2,76,1624,352,1226,38,8
"893","Peoria",2008,2346,16,206,698,1426,12924,3102,8870,842,110
"894","Tazewell",2008,880,2,142,58,678,5092,1030,3802,238,22
"895","Woodford",2008,76,0,28,0,48,766,200,524,28,14
"896","Perry",2008,140,0,14,0,126,340,94,230,12,4
"897","Pike",2008,52,0,14,0,38,148,44,102,0,2
"898","Pope",2008,10,0,0,0,10,6,2,2,0,2
"899","Pulaski",2008,82,0,4,2,76,254,66,178,8,2
"900","Putnam",2008,18,0,8,2,8,96,16,78,0,2
"901","Randolph",2008,248,0,42,12,194,768,216,522,24,6
"902","Richland",2008,66,0,14,2,50,574,108,432,26,8
"903","Rock Island",2008,1564,14,166,280,1104,10444,2178,7616,564,86
"904","Saline",2008,174,0,30,4,140,1358,398,902,58,0
"905","Schuyler",2008,44,2,26,0,16,156,18,134,4,0
"906","Scott",2008,6,0,0,0,6,64,14,42,8,0
"907","Shelby",2008,78,0,14,0,64,350,92,234,14,10
"908","Stark",2008,12,0,2,0,10,116,10,98,4,4
"909","Stephenson",2008,232,4,48,38,142,2688,620,2034,24,10
"910","Union",2008,44,0,14,0,30,278,94,172,8,4
"911","Vermilion",2008,1004,4,108,194,698,7330,2080,4920,266,64
"912","Wabash",2008,16,0,8,0,8,432,82,338,10,2
"913","Warren",2008,152,0,22,4,126,1050,244,782,16,8
"914","Wayne",2008,144,0,20,2,122,498,112,350,28,8
"915","White",2008,98,0,6,0,92,642,128,496,6,12
"916","Whiteside",2008,274,12,82,6,174,2650,582,1952,98,18
"917","Williamson",2008,612,4,74,38,496,3576,1262,2050,238,26
"918","Winnebago",2008,4286,50,424,1282,2530,30728,8106,20438,2022,162
"919","Adams",2009,480,0,92,48,340,3388,626,2694,60,8
"920","Alexander",2009,344,4,14,10,316,550,190,338,12,10
"921","Bond",2009,16,0,8,0,8,522,90,408,24,0
"922","Boone",2009,152,0,64,14,74,1864,276,1470,98,20
"923","Brown",2009,52,0,8,0,44,104,26,70,6,2
"924","Bureau",2009,78,0,24,2,52,1116,248,828,30,10
"925","Calhoun",2009,28,0,0,0,28,94,24,64,6,0
"926","Carroll",2009,24,0,6,2,16,422,74,338,10,0
"927","Cass",2009,84,0,2,2,80,476,92,364,16,4
"928","Champaign",2009,2616,4,242,326,2044,9634,2818,6476,270,70
"929","Christian",2009,228,2,24,0,202,1080,214,764,68,34
"930","Clark",2009,44,0,4,0,40,522,214,286,16,6
"931","Cumberland",2009,38,0,0,0,38,168,54,104,10,0
"932","Clay",2009,52,0,24,0,28,376,66,290,20,0
"933","Clinton",2009,64,0,24,6,34,838,118,696,22,2
"934","St. Clair",2009,5366,76,346,966,3978,18842,5302,11540,1772,228
"935","Coles",2009,346,4,46,18,278,2310,668,1540,90,12
"936","Cook",2009,79530,1110,4160,37148,37112,374232,78852,253736,39792,1852
"937","Lake",2009,2908,18,346,636,1908,27872,4746,22198,790,138
"938","Kane",2009,2536,14,398,448,1676,17902,3352,13700,740,110
"939","McHenry",2009,852,8,136,78,630,9748,1268,8180,264,36
"940","Du Page",2009,1784,22,314,432,1016,33922,4224,28426,1106,166
"941","Will",2009,2520,54,346,586,1534,25856,5068,19594,1070,124
"942","Crawford",2009,100,0,30,0,70,660,172,462,14,12
"943","De Kalb",2009,506,2,136,96,272,4976,736,4104,110,26
"944","Kendall",2009,232,4,76,24,128,3226,486,2644,68,28
"945","La Salle",2009,444,0,108,28,308,5116,1166,3754,160,36
"946","De Witt",2009,72,0,16,4,52,642,104,512,26,0
"947","Douglas",2009,114,0,10,0,104,338,76,236,16,10
"948","Moultrie",2009,22,0,2,0,20,192,56,126,8,2
"949","Piatt",2009,56,4,12,2,38,352,114,226,8,4
"950","Edgar",2009,152,0,24,6,122,408,126,262,14,6
"951","Edwards",2009,46,2,0,0,44,270,74,182,14,0
"952","Effingham",2009,232,0,40,8,184,1178,174,948,50,6
"953","Fayette",2009,76,0,18,4,54,588,150,418,20,0
"954","Ford",2009,90,0,14,0,76,584,170,394,12,8
"955","Franklin",2009,664,6,30,16,612,2008,608,1304,72,24
"956","Fulton",2009,148,0,20,8,120,960,224,710,14,12
"957","Knox",2009,458,0,54,30,374,3354,804,2430,116,4
"958","Gallatin",2009,6,0,0,0,6,54,18,28,6,2
"959","Greene",2009,136,0,18,0,118,200,56,132,6,6
"960","Grundy",2009,126,0,30,14,82,2664,304,2290,62,8
"961","Hamilton",2009,34,0,2,0,32,192,74,110,4,4
"962","Hancock",2009,66,0,2,4,60,326,88,210,22,6
"963","Henderson",2009,44,0,2,10,32,310,118,192,0,0
"964","McDonough",2009,110,0,22,4,84,1156,198,936,14,8
"965","Hardin",2009,18,0,2,0,16,60,30,28,2,0
"966","Henry",2009,276,0,82,6,188,2202,326,1794,76,6
"967","Iroquois",2009,44,0,18,2,24,580,212,358,10,0
"968","Kankakee",2009,836,4,134,234,464,6080,1066,4778,194,42
"969","Jackson",2009,686,4,86,140,456,3924,1200,2628,80,16
"970","Jasper",2009,70,0,10,0,60,208,68,130,6,4
"971","Jefferson",2009,594,2,62,32,498,2754,1104,1588,50,12
"972","Jersey",2009,124,2,14,6,102,958,174,746,36,2
"973","Jo Daviess",2009,108,0,26,6,76,636,210,392,24,10
"974","Johnson",2009,151,0,6,2,143,368,126,228,12,2
"975","Livingston",2009,104,0,26,6,72,1556,206,1310,34,6
"976","Lawrence",2009,70,0,10,0,60,308,104,166,18,20
"977","Lee",2009,142,4,60,4,74,1392,254,1110,22,6
"978","Logan",2009,206,12,32,14,148,1350,290,998,52,10
"979","McLean",2009,1368,6,210,190,962,7914,1936,5676,232,70
"980","Macon",2009,1436,8,212,302,914,7204,2966,3806,342,90
"981","Macoupin",2009,168,0,34,2,132,1340,336,956,46,2
"982","Sangamon",2009,4334,26,300,622,3386,18039,4407,12827,695,110
"983","Madison",2009,1918,18,248,430,1222,14198,2902,10510,708,78
"984","Marion",2009,276,0,58,14,204,2820,650,2046,122,2
"985","Washington",2009,160,0,4,16,140,306,72,216,18,0
"986","Marshall",2009,80,0,18,0,62,188,42,130,14,2
"987","Mason",2009,178,0,24,0,154,502,116,368,12,6
"988","Massac",2009,144,0,12,8,124,724,140,568,10,6
"989","Menard",2009,54,0,10,0,44,190,62,118,10,0
"990","Mercer",2009,124,0,24,0,100,344,54,276,14,0
"991","Monroe",2009,46,6,8,6,26,436,100,298,38,0
"992","Montgomery",2009,322,0,36,4,282,936,216,690,16,14
"993","Morgan",2009,178,2,26,12,138,1236,356,834,28,18
"994","Ogle",2009,98,0,34,4,60,1550,260,1234,50,6
"995","Peoria",2009,2826,40,272,882,1632,14040,3924,9054,914,148
"996","Tazewell",2009,904,0,150,58,696,5280,1306,3738,194,42
"997","Woodford",2009,56,0,22,6,28,722,184,518,18,2
"998","Perry",2009,94,0,22,0,72,340,124,206,10,0
"999","Pike",2009,48,2,10,0,36,156,58,98,0,0
"1000","Pope",2009,2,0,0,0,2,20,10,6,2,2
"1001","Pulaski",2009,104,0,4,0,100,166,36,120,8,2
"1002","Putnam",2009,8,4,4,0,0,122,24,94,2,2
"1003","Randolph",2009,208,0,14,2,192,674,282,374,16,2
"1004","Richland",2009,70,0,24,0,46,650,148,476,24,2
"1005","Rock Island",2009,1752,2,204,252,1294,9424,1982,6894,466,82
"1006","Saline",2009,172,2,34,4,132,1032,320,676,34,2
"1007","Schuyler",2009,18,0,4,0,14,154,8,140,6,0
"1008","Scott",2009,12,0,2,0,10,76,30,34,10,2
"1009","Shelby",2009,62,0,14,0,48,338,96,210,28,4
"1010","Stark",2009,16,0,0,0,16,128,22,102,4,0
"1011","Stephenson",2009,160,2,30,32,96,2980,792,2134,40,14
"1012","Union",2009,64,2,14,6,42,270,64,188,18,0
"1013","Vermilion",2009,1092,12,130,232,718,6784,2288,4216,252,28
"1014","Wabash",2009,10,0,2,2,6,562,98,464,0,0
"1015","Warren",2009,176,0,28,4,144,1168,272,864,30,2
"1016","Wayne",2009,148,0,18,0,130,516,126,370,18,2
"1017","White",2009,80,0,10,0,70,702,160,530,10,2
"1018","Whiteside",2009,262,2,52,24,184,2858,678,2042,122,16
"1019","Williamson",2009,716,4,82,28,602,3074,1064,1804,180,26
"1020","Winnebago",2009,4012,46,366,1306,2294,25870,6926,17500,1328,116
"1021","Adams",2010,208,1,40,16,151,1574,327,1196,46,5
"1022","Alexander",2010,104,0,9,6,89,277,100,159,13,5
"1023","Bond",2010,9,0,0,0,9,283,71,205,6,1
"1024","Boone",2010,88,0,28,7,53,816,162,614,31,9
"1025","Brown",2010,22,0,1,0,21,24,9,15,0,0
"1026","Bureau",2010,24,0,1,1,22,561,124,425,9,3
"1027","Calhoun",2010,17,0,0,0,17,52,12,38,2,0
"1028","Carroll",2010,10,0,2,1,7,235,35,189,6,5
"1029","Cass",2010,5,0,0,0,5,89,30,56,2,1
"1030","Champaign",2010,1262,6,138,204,914,5233,1463,3613,122,35
"1031","Christian",2010,133,0,4,2,127,526,100,389,24,13
"1032","Clark",2010,36,1,1,1,33,168,65,96,5,2
"1033","Clay",2010,8,0,0,0,8,209,26,169,6,8
"1034","Clinton",2010,30,0,9,3,18,530,62,456,12,0
"1035","Coles",2010,160,2,38,7,113,1029,301,680,35,13
"1036","Cook",2010,35284,511,1935,16476,16362,182315,38948,119201,22771,1395
"1037","Crawford",2010,21,0,2,0,19,115,38,74,2,1
"1038","Cumberland",2010,24,0,1,0,23,78,21,52,4,1
"1039","De Kalb",2010,227,2,47,29,149,2284,355,1863,46,20
"1040","De Witt",2010,5,0,1,0,4,34,16,15,1,2
"1041","Douglas",2010,28,0,0,0,28,144,25,114,3,2
"1042","Du Page",2010,870,9,136,201,524,16558,1987,13962,508,101
"1043","Edgar",2010,71,0,5,0,66,173,54,103,16,0
"1044","Edwards",2010,7,0,0,0,7,43,20,22,1,0
"1045","Effingham",2010,36,1,9,2,24,563,114,424,20,5
"1046","Fayette",2010,47,0,8,2,37,312,77,217,16,2
"1047","Ford",2010,38,0,0,1,37,193,63,123,5,2
"1048","Franklin",2010,167,0,5,10,152,978,321,606,41,10
"1049","Fulton",2010,59,0,19,2,38,570,119,429,18,4
"1050","Gallatin",2010,6,0,0,0,6,101,27,73,1,0
"1051","Greene",2010,19,1,4,0,14,121,31,85,2,3
"1052","Grundy",2010,53,0,5,6,42,1079,183,878,9,9
"1053","Hamilton",2010,0,0,0,0,0,10,1,9,0,0
"1054","Hancock",2010,8,0,1,0,7,168,34,128,6,0
"1055","Hardin",2010,12,0,0,0,12,18,7,9,2,0
"1056","Henderson",2010,27,0,0,0,27,151,55,96,0,0
"1057","Henry",2010,87,0,23,5,59,878,147,713,15,3
"1058","Iroquois",2010,23,0,2,1,20,370,131,233,6,0
"1059","Jackson",2010,344,2,51,64,227,2204,589,1548,47,20
"1060","Jasper",2010,20,0,2,0,18,117,31,75,8,3
"1061","Jefferson",2010,303,2,12,33,256,1398,560,792,33,13
"1062","Jersey",2010,66,0,19,1,46,408,60,337,11,0
"1063","Jo Daviess",2010,50,0,6,0,44,314,73,228,10,3
"1064","Johnson",2010,34,0,1,0,33,140,37,89,13,1
"1065","Kane",2010,1159,11,164,238,746,8610,1622,6647,277,64
"1066","Kankakee",2010,386,5,65,111,205,2865,630,2122,83,30
"1067","Kendall",2010,146,1,34,14,97,1734,283,1405,24,22
"1068","Knox",2010,198,0,19,31,148,1613,416,1141,52,4
"1069","Lake",2010,933,12,125,192,604,12553,2081,10058,326,88
"1070","La Salle",2010,140,0,26,8,106,2079,387,1638,32,22
"1071","Lawrence",2010,32,0,1,0,31,113,43,58,9,3
"1072","Lee",2010,56,0,25,6,25,763,177,571,11,4
"1073","Livingston",2010,76,0,16,5,55,865,130,619,14,102
"1074","Logan",2010,94,0,3,1,90,839,198,608,25,8
"1075","McDonough",2010,41,0,10,2,29,712,164,539,7,2
"1076","McHenry",2010,349,3,48,25,273,4486,660,3699,98,29
"1077","McLean",2010,621,2,78,122,419,3960,955,2877,109,19
"1078","Macon",2010,556,4,30,140,382,3739,1701,1864,144,30
"1079","Macoupin",2010,75,0,7,5,63,692,158,518,12,4
"1080","Madison",2010,556,7,80,84,385,6052,1306,4542,168,36
"1081","Marion",2010,128,0,23,13,92,1339,360,923,52,4
"1082","Marshall",2010,10,0,1,0,9,115,34,76,4,1
"1083","Mason",2010,61,0,13,0,48,311,82,223,4,2
"1084","Massac",2010,54,0,7,6,41,429,99,318,7,5
"1085","Menard",2010,7,0,2,0,5,99,39,59,1,0
"1086","Mercer",2010,37,0,8,0,29,243,80,151,12,0
"1087","Monroe",2010,18,0,2,0,16,356,91,256,7,2
"1088","Montgomery",2010,158,0,3,1,154,504,135,361,7,1
"1089","Morgan",2010,90,1,19,5,65,686,212,450,10,14
"1090","Moultrie",2010,24,0,2,2,20,111,20,90,1,0
"1091","Ogle",2010,30,1,10,2,17,659,128,509,17,5
"1092","Peoria",2010,1133,25,59,331,718,6556,1750,4405,327,74
"1093","Perry",2010,39,4,1,4,30,234,74,153,5,2
"1094","Piatt",2010,43,0,6,2,35,199,46,146,5,2
"1095","Pike",2010,5,0,1,0,4,26,8,18,0,0
"1096","Pope",2010,13,0,0,0,13,45,25,19,1,0
"1097","Pulaski",2010,79,0,5,2,72,104,38,55,11,0
"1098","Putnam",2010,4,0,3,0,1,51,14,37,0,0
"1099","Randolph",2010,69,0,12,2,55,276,76,186,12,2
"1100","Richland",2010,32,0,11,1,20,405,84,297,21,3
"1101","Rock Island",2010,657,5,80,83,489,4100,983,2933,170,14
"1102","St. Clair",2010,2796,30,188,544,2034,10129,2794,6159,1038,138
"1103","Saline",2010,94,1,4,2,87,692,210,454,24,4
"1104","Sangamon",2010,1746,9,140,366,1231,9312,2730,6207,302,73
"1105","Schuyler",2010,7,0,0,0,7,53,10,42,1,0
"1106","Scott",2010,4,0,0,0,4,32,18,10,2,2
"1107","Shelby",2010,28,0,2,0,26,147,47,98,2,0
"1108","Stark",2010,11,0,2,0,9,75,18,50,4,3
"1109","Stephenson",2010,55,1,6,16,32,1095,294,777,17,7
"1110","Tazewell",2010,279,3,63,20,193,2141,514,1499,114,14
"1111","Union",2010,16,0,2,0,14,114,18,89,7,0
"1112","Vermilion",2010,477,1,65,98,313,3112,1121,1890,87,14
"1113","Wabash",2010,22,0,7,0,15,180,43,127,8,2
"1114","Warren",2010,66,0,6,5,55,566,109,436,17,4
"1115","Washington",2010,46,1,0,0,45,139,39,98,2,0
"1116","Wayne",2010,44,0,7,0,37,243,66,174,2,1
"1117","White",2010,24,0,2,1,21,227,59,161,3,4
"1118","Whiteside",2010,104,0,38,3,63,1445,350,1057,35,3
"1119","Will",2010,1216,21,132,285,778,13088,2812,9645,532,99
"1120","Williamson",2010,359,6,22,11,320,1406,680,621,77,28
"1121","Winnebago",2010,2661,24,165,563,1909,11903,3326,7888,584,105
"1122","Woodford",2010,44,0,6,5,33,512,98,396,17,1
"1123","Adams",2011,218,0,37,15,166,1555,272,1241,36,6
"1124","Alexander",2011,119,0,14,4,101,290,92,183,11,4
"1125","Bond",2011,6,1,0,0,5,211,58,147,5,1
"1126","Boone",2011,59,0,24,8,27,733,152,563,14,4
"1127","Brown",2011,7,0,1,0,6,38,14,22,1,1
"1128","Bureau",2011,39,0,4,3,32,484,83,391,8,2
"1129","Calhoun",2011,13,0,0,0,13,56,14,41,1,0
"1130","Carroll",2011,8,0,1,0,7,206,38,165,2,1
"1131","Cass",2011,12,0,1,0,11,119,41,71,3,4
"1132","Champaign",2011,1202,5,125,208,864,5280,1372,3716,164,28
"1133","Christian",2011,44,0,4,3,37,379,78,280,19,2
"1134","Clark",2011,42,0,0,1,41,145,65,76,3,1
"1135","Clay",2011,10,1,2,0,7,192,23,159,8,2
"1136","Clinton",2011,54,0,3,7,44,352,29,312,11,0
"1137","Coles",2011,130,1,21,13,95,755,182,541,19,13
"1138","Cook",2011,33337,502,1984,16086,14765,178657,38425,116011,22867,1354
"1139","Crawford",2011,55,0,8,0,47,269,65,189,12,3
"1140","Cumberland",2011,26,1,0,0,25,90,31,56,3,0
"1141","De Kalb",2011,277,2,49,40,186,2515,377,2080,43,15
"1142","De Witt",2011,20,0,6,3,11,84,23,59,2,0
"1143","Douglas",2011,31,0,4,1,26,171,33,131,7,0
"1144","Du Page",2011,788,8,110,207,463,15494,2140,12772,491,91
"1145","Edgar",2011,57,1,7,0,49,221,79,125,13,4
"1146","Edwards",2011,10,0,0,1,9,49,20,29,0,0
"1147","Effingham",2011,56,2,6,9,39,640,91,537,10,2
"1148","Fayette",2011,22,0,0,1,21,277,57,206,14,0
"1149","Ford",2011,47,0,6,1,40,252,83,159,8,2
"1150","Franklin",2011,127,2,4,5,116,1057,354,649,50,4
"1151","Fulton",2011,46,0,12,3,31,563,123,422,16,2
"1152","Gallatin",2011,0,0,0,0,0,0,0,0,0,0
"1153","Greene",2011,34,0,1,0,33,154,49,100,2,3
"1154","Grundy",2011,54,0,6,9,39,1007,162,815,22,8
"1155","Hamilton",2011,3,0,0,0,3,83,31,50,2,0
"1156","Hancock",2011,12,0,2,0,10,233,56,171,4,2
"1157","Hardin",2011,0,0,0,0,0,0,0,0,0,0
"1158","Henderson",2011,28,0,0,5,23,108,31,72,0,5
"1159","Henry",2011,72,1,18,3,50,847,119,710,14,4
"1160","Iroquois",2011,20,0,9,0,11,401,138,256,5,2
"1161","Jackson",2011,365,1,41,60,263,2255,645,1551,43,16
"1162","Jasper",2011,25,0,1,0,24,120,33,78,8,1
"1163","Jefferson",2011,231,0,17,20,194,1187,420,740,13,14
"1164","Jersey",2011,79,0,16,7,56,466,78,372,13,3
"1165","Jo Daviess",2011,23,0,3,0,20,245,43,196,6,0
"1166","Johnson",2011,44,0,2,0,42,175,51,117,6,1
"1167","Kane",2011,1061,8,131,237,685,8382,2009,6058,258,57
"1168","Kankakee",2011,403,4,57,132,210,3085,705,2260,90,30
"1169","Kendall",2011,99,1,21,13,64,1495,270,1189,20,16
"1170","Knox",2011,141,1,20,19,101,1526,302,1177,42,5
"1171","Lake",2011,1155,9,140,338,668,13056,2725,9911,344,76
"1172","La Salle",2011,134,1,22,9,102,2199,429,1719,36,15
"1173","Lawrence",2011,21,0,0,0,21,76,27,48,1,0
"1174","Lee",2011,72,0,24,3,45,765,193,561,9,2
"1175","Livingston",2011,89,2,11,7,69,891,126,633,12,120
"1176","Logan",2011,90,0,14,3,73,846,234,587,20,5
"1177","McDonough",2011,63,0,16,3,44,754,222,520,10,2
"1178","McHenry",2011,362,5,57,47,253,4078,613,3377,68,20
"1179","McLean",2011,528,2,93,81,352,3578,872,2593,90,23
"1180","Macon",2011,569,10,33,131,395,3401,1315,1921,127,38
"1181","Macoupin",2011,74,1,13,0,60,726,171,529,20,6
"1182","Madison",2011,689,10,102,116,461,6652,1564,4850,206,32
"1183","Marion",2011,145,2,22,19,102,1340,338,945,52,5
"1184","Marshall",2011,18,0,4,1,13,133,51,70,11,1
"1185","Mason",2011,53,2,13,0,38,218,56,156,4,2
"1186","Massac",2011,52,0,10,4,38,324,73,247,3,1
"1187","Menard",2011,2,0,1,0,1,63,17,40,5,1
"1188","Mercer",2011,36,5,10,1,20,204,65,136,3,0
"1189","Monroe",2011,17,1,4,1,11,238,53,172,12,1
"1190","Montgomery",2011,132,1,5,3,123,533,132,376,18,7
"1191","Morgan",2011,93,0,21,5,67,507,138,353,9,7
"1192","Moultrie",2011,16,0,0,0,16,76,22,53,1,0
"1193","Ogle",2011,31,0,6,2,23,510,104,388,15,3
"1194","Peoria",2011,1070,20,67,308,675,6946,2062,4511,303,70
"1195","Perry",2011,22,0,4,2,16,218,63,149,4,2
"1196","Piatt",2011,31,1,5,1,24,153,54,93,6,0
"1197","Pike",2011,8,0,2,0,6,37,12,24,1,0
"1198","Pope",2011,0,0,0,0,0,0,0,0,0,0
"1199","Pulaski",2011,44,0,4,1,39,74,31,38,5,0
"1200","Putnam",2011,5,0,0,0,5,49,16,32,1,0
"1201","Randolph",2011,37,0,11,0,26,252,77,172,1,2
"1202","Richland",2011,27,1,9,3,14,361,65,275,19,2
"1203","Rock Island",2011,700,2,86,79,533,4319,859,3230,214,16
"1204","St. Clair",2011,2365,38,144,458,1725,8923,2517,5514,789,103
"1205","Saline",2011,71,1,4,4,62,762,228,504,27,3
"1206","Sangamon",2011,1474,9,114,284,1067,8652,2281,6028,265,78
"1207","Schuyler",2011,8,0,0,0,8,51,14,35,2,0
"1208","Scott",2011,2,0,1,0,1,29,13,15,1,0
"1209","Shelby",2011,20,0,0,0,20,125,48,75,1,1
"1210","Stark",2011,2,0,0,0,2,102,28,68,6,0
"1211","Stephenson",2011,65,0,8,20,37,1174,290,860,17,7
"1212","Tazewell",2011,316,0,52,23,241,2472,566,1820,72,14
"1213","Union",2011,18,0,1,0,17,227,60,156,11,0
"1214","Vermilion",2011,479,3,78,81,317,3295,1147,2032,101,15
"1215","Wabash",2011,27,0,3,0,24,352,74,260,13,5
"1216","Warren",2011,52,0,10,3,39,658,162,478,12,6
"1217","Washington",2011,32,0,0,0,32,70,23,45,1,1
"1218","Wayne",2011,35,0,0,0,35,310,90,208,11,1
"1219","White",2011,40,0,1,0,39,393,104,276,10,3
"1220","Whiteside",2011,87,0,19,11,57,1298,293,965,38,2
"1221","Will",2011,1044,17,93,202,732,11347,2543,8238,469,97
"1222","Williamson",2011,327,3,19,20,285,1085,535,475,68,7
"1223","Winnebago",2011,2417,27,150,621,1619,10440,2608,7141,596,95
"1224","Woodford",2011,15,1,4,0,10,350,90,247,10,3
"1225","Adams",2012,205,0,28,16,161,1587,287,1261,30,9
"1226","Alexander",2012,127,1,2,5,119,280,82,184,12,2
"1227","Bond",2012,5,0,0,2,3,232,59,162,10,1
"1228","Boone",2012,1,0,0,0,1,1,1,0,0,0
"1229","Brown",2012,14,0,0,0,14,39,14,22,1,2
"1230","Bureau",2012,47,0,9,3,35,533,142,374,10,7
"1231","Calhoun",2012,0,0,0,0,0,0,0,0,0,0
"1232","Carroll",2012,7,0,1,0,6,219,45,171,2,1
"1233","Cass",2012,30,0,1,0,29,42,11,29,2,0
"1234","Champaign",2012,1157,4,129,226,798,5842,1585,4045,165,47
"1235","Christian",2012,42,0,4,0,38,356,84,240,23,9
"1236","Clark",2012,37,0,4,0,33,138,49,80,4,5
"1237","Clay",2012,5,0,2,0,3,242,38,200,3,1
"1238","Clinton",2012,30,0,3,0,27,337,32,292,12,1
"1239","Coles",2012,147,2,26,14,105,689,140,517,14,18
"1240","Cook",2012,32625,566,1836,15562,14661,171347,34152,115536,20241,1418
"1241","Crawford",2012,48,0,6,0,42,232,50,172,6,4
"1242","Cumberland",2012,23,0,0,0,23,91,27,54,2,8
"1243","De Kalb",2012,270,1,47,31,191,2244,337,1838,47,22
"1244","De Witt",2012,10,0,1,1,8,56,13,42,0,1
"1245","Douglas",2012,48,0,2,1,45,219,85,128,5,1
"1246","Du Page",2012,821,7,116,246,452,15302,2125,12581,497,99
"1247","Edgar",2012,57,0,4,3,50,255,88,153,12,2
"1248","Edwards",2012,15,0,0,0,15,61,19,40,2,0
"1249","Effingham",2012,36,0,8,2,26,620,89,504,22,5
"1250","Fayette",2012,38,0,10,0,28,350,91,249,9,1
"1251","Ford",2012,44,0,11,1,32,189,64,122,3,0
"1252","Franklin",2012,140,0,6,9,125,818,256,521,39,2
"1253","Fulton",2012,64,0,14,5,45,618,148,452,16,2
"1254","Gallatin",2012,0,0,0,0,0,0,0,0,0,0
"1255","Greene",2012,39,0,1,0,38,135,48,85,1,1
"1256","Grundy",2012,33,1,3,1,28,989,163,811,7,8
"1257","Hamilton",2012,0,0,0,0,0,11,7,4,0,0
"1258","Hancock",2012,2,0,1,0,1,249,57,187,5,0
"1259","Hardin",2012,8,0,0,1,7,35,2,32,1,0
"1260","Henderson",2012,31,0,1,1,29,173,69,103,0,1
"1261","Henry",2012,61,0,18,0,43,809,98,692,13,6
"1262","Iroquois",2012,24,1,6,1,16,410,99,297,11,3
"1263","Jackson",2012,347,1,29,53,264,2268,489,1687,72,20
"1264","Jasper",2012,28,0,1,0,27,107,27,72,7,1
"1265","Jefferson",2012,245,0,20,27,198,1204,326,832,30,16
"1266","Jersey",2012,39,0,15,0,24,410,80,322,6,2
"1267","Jo Daviess",2012,32,0,11,0,21,208,56,143,8,1
"1268","Johnson",2012,30,0,1,1,28,133,17,110,6,0
"1269","Kane",2012,971,6,144,217,604,7912,1775,5809,247,81
"1270","Kankakee",2012,346,8,49,82,207,2993,659,2195,93,46
"1271","Kendall",2012,115,1,40,5,69,1574,242,1302,23,7
"1272","Knox",2012,156,2,20,14,120,1391,338,1027,22,4
"1273","La Salle",2012,116,0,14,14,88,2134,424,1655,37,18
"1274","Lake",2012,1061,6,168,269,618,12730,2488,9869,316,57
"1275","Lawrence",2012,13,1,1,0,11,133,33,90,5,5
"1276","Lee",2012,34,2,11,2,19,631,158,462,8,3
"1277","Livingston",2012,87,1,13,7,66,909,144,654,20,91
"1278","Logan",2012,77,0,11,7,59,564,164,387,9,4
"1279","Macon",2012,420,6,35,109,270,3028,1120,1776,97,35
"1280","Macoupin",2012,84,0,7,1,76,620,141,457,16,6
"1281","Madison",2012,606,11,85,119,391,5973,1416,4339,178,40
"1282","Marion",2012,109,0,12,14,83,1187,285,852,44,6
"1283","Marshall",2012,22,0,2,1,19,105,48,55,1,1
"1284","Mason",2012,55,0,10,3,42,195,46,134,15,0
"1285","Massac",2012,60,1,11,3,45,343,45,287,11,0
"1286","McDonough",2012,66,0,19,2,45,707,141,554,9,3
"1287","McHenry",2012,303,1,72,27,203,3784,572,3135,47,30
"1288","McLean",2012,559,1,73,84,401,3687,768,2804,89,26
"1289","Menard",2012,2,0,1,0,1,80,25,54,1,0
"1290","Mercer",2012,40,1,4,3,32,209,68,137,3,1
"1291","Monroe",2012,15,0,8,0,7,253,48,203,2,0
"1292","Montgomery",2012,98,0,5,3,90,514,101,393,16,4
"1293","Morgan",2012,80,0,13,8,59,529,126,394,5,4
"1294","Moultrie",2012,11,0,3,0,8,101,32,66,3,0
"1295","Ogle",2012,23,1,1,1,20,435,106,318,7,4
"1296","Peoria",2012,1135,14,53,346,722,6700,1809,4540,290,61
"1297","Perry",2012,37,0,5,0,32,195,62,119,11,3
"1298","Piatt",2012,25,0,8,1,16,150,67,75,5,3
"1299","Pike",2012,4,0,3,1,0,61,15,44,2,0
"1300","Pope",2012,0,0,0,0,0,0,0,0,0,0
"1301","Pulaski",2012,20,0,3,2,15,65,27,37,1,0
"1302","Putnam",2012,2,1,1,0,0,61,11,45,4,1
"1303","Randolph",2012,33,0,4,2,27,256,62,184,9,1
"1304","Richland",2012,35,0,10,1,24,303,51,238,7,7
"1305","Rock Island",2012,552,4,42,80,426,3904,720,3039,119,26
"1306","Saline",2012,85,0,3,4,78,500,198,270,29,3
"1307","Sangamon",2012,1449,13,105,292,1039,8314,2043,5958,247,66
"1308","Schuyler",2012,7,0,0,0,7,62,7,54,1,0
"1309","Scott",2012,0,0,0,0,0,35,9,25,0,1
"1310","Shelby",2012,10,0,0,0,10,151,45,96,9,1
"1311","St. Clair",2012,2086,29,182,348,1527,8257,2424,5108,656,69
"1312","Stark",2012,5,0,0,0,5,70,24,41,4,1
"1313","Stephenson",2012,46,2,9,15,20,1128,280,833,10,5
"1314","Tazewell",2012,322,3,36,36,247,2573,653,1847,51,22
"1315","Union",2012,35,1,0,0,34,284,47,229,8,0
"1316","Vermilion",2012,451,4,63,87,297,3054,949,1956,123,26
"1317","Wabash",2012,24,0,2,0,22,275,46,218,10,1
"1318","Warren",2012,75,0,4,2,69,607,133,460,10,4
"1319","Washington",2012,39,0,0,1,38,93,28,65,0,0
"1320","Wayne",2012,51,0,3,1,47,291,87,198,4,2
"1321","White",2012,37,2,5,2,28,307,64,224,19,0
"1322","Whiteside",2012,105,0,24,8,73,1420,248,1129,42,1
"1323","Will",2012,1120,22,101,244,753,11256,2385,8310,422,139
"1324","Williamson",2012,236,0,14,14,208,1009,508,429,66,6
"1325","Winnebago",2012,2465,14,191,554,1706,11039,2965,7484,497,93
"1326","Woodford",2012,23,0,3,1,19,405,65,329,10,1
"1327","Adams",2013,222,1,33,21,167,1564,297,1204,55,8
"1328","Alexander",2013,140,2,2,8,128,331,81,209,17,24
"1329","Bond",2013,5,0,0,1,4,214,46,159,9,0
"1330","Boone",2013,54,3,17,6,28,583,107,455,18,3
"1331","Brown",2013,12,0,2,0,10,43,10,28,4,1
"1332","Bureau",2013,34,1,7,5,21,411,86,314,11,0
"1333","Calhoun",2013,NA,NA,NA,NA,NA,NA,NA,NA,NA,NA
"1334","Carroll",2013,17,0,1,0,16,214,44,159,9,2
"1335","Cass",2013,15,0,0,1,14,48,11,33,4,0
"1336","Champaign",2013,1064,7,112,215,730,5503,1275,4049,147,32
"1337","Christian",2013,43,1,12,3,27,385,102,261,20,2
"1338","Clark",2013,28,1,3,0,24,103,40,52,10,1
"1339","Clay",2013,5,0,0,0,5,221,42,173,6,0
"1340","Clinton",2013,53,10,6,3,34,422,59,350,13,0
"1341","Coles",2013,102,1,21,7,73,659,150,474,11,24
"1342","Cook",2013,30729,473,1786,14106,14364,151188,27253,107162,15544,1229
"1343","Crawford",2013,55,0,10,1,44,179,46,127,6,0
"1344","Cumberland",2013,24,0,0,1,23,91,27,53,6,5
"1345","De Kalb",2013,280,3,46,32,199,2116,264,1791,44,17
"1346","De Witt",2013,24,1,9,2,12,203,81,118,3,1
"1347","Douglas",2013,42,0,1,0,41,167,46,118,2,1
"1348","Du Page",2013,669,12,117,169,371,13395,1650,11311,374,60
"1349","Edgar",2013,44,0,1,2,41,238,75,148,11,4
"1350","Edwards",2013,15,1,0,0,14,78,28,44,3,3
"1351","Effingham",2013,44,1,2,3,38,630,99,508,21,2
"1352","Fayette",2013,32,0,8,3,21,242,68,166,8,0
"1353","Ford",2013,18,2,0,1,15,236,67,157,11,1
"1354","Franklin",2013,94,0,0,6,88,627,177,421,27,2
"1355","Fulton",2013,49,0,8,2,39,598,120,451,21,6
"1356","Gallatin",2013,7,0,0,0,7,73,22,47,2,2
"1357","Greene",2013,16,1,0,0,15,118,37,74,4,3
"1358","Grundy",2013,37,0,6,7,24,804,137,645,13,9
"1359","Hamilton",2013,NA,NA,NA,NA,NA,NA,NA,NA,NA,NA
"1360","Hancock",2013,2,0,0,0,2,175,51,122,2,0
"1361","Hardin",2013,7,0,0,0,7,24,6,18,0,0
"1362","Henderson",2013,2,0,0,0,2,9,5,3,0,1
"1363","Henry",2013,50,0,14,0,36,652,85,558,7,2
"1364","Iroquois",2013,47,0,7,2,38,439,124,307,7,1
"1365","Jackson",2013,328,2,22,50,254,1987,497,1419,52,19
"1366","Jasper",2013,4,0,0,0,4,84,28,51,3,2
"1367","Jefferson",2013,252,1,21,38,192,1231,346,852,26,7
"1368","Jersey",2013,28,0,9,0,19,410,80,321,8,1
"1369","Jo Daviess",2013,23,0,1,1,21,215,59,146,9,1
"1370","Johnson",2013,31,0,0,0,31,97,11,86,0,0
"1371","Kane",2013,924,6,108,195,615,7076,1297,5497,226,56
"1372","Kankakee",2013,334,6,49,84,195,2884,603,2173,72,36
"1373","Kendall",2013,74,0,24,6,44,1400,227,1136,30,7
"1374","Knox",2013,150,2,32,13,103,1438,327,1075,34,2
"1375","La Salle",2013,134,1,20,8,105,1831,333,1469,20,9
"1376","Lake",2013,1012,15,148,303,546,11459,2151,8993,263,52
"1377","Lawrence",2013,19,0,2,1,16,142,41,89,7,5
"1378","Lee",2013,25,0,14,0,11,582,142,427,11,2
"1379","Livingston",2013,82,5,16,8,53,823,121,577,13,112
"1380","Logan",2013,63,0,13,6,44,598,174,398,21,5
"1381","Macon",2013,422,5,19,87,311,2831,892,1832,82,25
"1382","Macoupin",2013,78,1,5,2,70,542,105,418,16,3
"1383","Madison",2013,577,8,75,96,398,5867,1292,4319,228,28
"1384","Marion",2013,98,0,23,7,68,1297,364,894,35,4
"1385","Marshall",2013,14,1,2,0,11,79,24,50,4,1
"1386","Mason",2013,34,1,4,1,28,187,49,135,3,0
"1387","Massac",2013,44,0,2,1,41,278,53,219,3,3
"1388","McDonough",2013,76,0,17,3,56,658,183,459,11,5
"1389","McHenry",2013,247,2,55,27,163,3269,374,2812,57,26
"1390","McLean",2013,569,3,82,93,391,3709,812,2799,87,11
"1391","Menard",2013,2,0,0,1,1,59,23,35,1,0
"1392","Mercer",2013,24,0,8,0,16,128,44,81,3,0
"1393","Monroe",2013,14,1,4,2,7,154,54,98,2,0
"1394","Montgomery",2013,119,0,0,4,115,476,122,340,13,1
"1395","Morgan",2013,51,1,11,4,35,560,144,409,4,3
"1396","Moultrie",2013,8,0,2,0,6,51,22,29,0,0
"1397","Ogle",2013,25,3,4,2,16,319,55,259,4,1
"1398","Peoria",2013,932,16,40,291,585,5699,1423,4002,230,44
"1399","Perry",2013,29,0,3,0,26,165,25,131,7,2
"1400","Piatt",2013,26,0,4,1,21,104,43,58,2,1
"1401","Pike",2013,4,0,2,0,2,55,7,42,6,0
"1402","Pope",2013,NA,NA,NA,NA,NA,NA,NA,NA,NA,NA
"1403","Pulaski",2013,28,0,1,1,26,42,14,27,1,0
"1404","Putnam",2013,1,0,0,0,1,38,6,32,0,0
"1405","Randolph",2013,40,0,4,1,35,372,104,247,18,3
"1406","Richland",2013,30,0,11,1,18,308,81,216,9,2
"1407","Rock Island",2013,479,6,20,61,392,3649,698,2834,96,21
"1408","Saline",2013,68,0,5,5,58,445,188,228,26,3
"1409","Sangamon",2013,1422,5,100,311,1006,7163,1650,5255,206,52
"1410","Schuyler",2013,4,1,0,0,3,44,15,27,2,0
"1411","Scott",2013,0,0,0,0,0,45,20,25,0,0
"1412","Shelby",2013,9,0,0,0,9,90,28,58,1,3
"1413","St. Clair",2013,2007,30,159,418,1400,7295,1954,4747,548,46
"1414","Stark",2013,3,0,1,1,1,75,23,51,1,0
"1415","Stephenson",2013,29,2,6,3,18,556,124,423,8,1
"1416","Tazewell",2013,277,4,34,23,216,2246,551,1648,36,11
"1417","Union",2013,41,0,5,3,33,235,61,163,11,0
"1418","Vermilion",2013,524,4,77,89,354,3128,1181,1837,87,23
"1419","Wabash",2013,22,0,0,0,22,254,51,195,7,1
"1420","Warren",2013,62,0,9,2,51,440,87,335,17,1
"1421","Washington",2013,61,0,1,6,54,166,38,126,2,0
"1422","Wayne",2013,24,0,4,3,17,240,81,156,1,2
"1423","White",2013,19,0,0,0,19,144,47,90,2,5
"1424","Whiteside",2013,70,0,16,8,46,1088,226,829,27,6
"1425","Will",2013,1163,16,119,294,734,9708,1923,7293,388,104
"1426","Williamson",2013,17,1,2,9,5,1018,504,421,79,14
"1427","Winnebago",2013,2396,21,167,442,1766,10195,2665,6911,499,120
"1428","Woodford",2013,17,0,10,2,5,349,81,257,11,0
"1429","Adams",2014,222,2,34,13,173,1550,305,1201,39,5
"1430","Alexander",2014,106,3,5,6,92,230,47,151,11,21
"1431","Bond",2014,6,1,2,0,3,138,28,107,3,0
"1432","Boone",2014,77,0,27,7,43,620,141,438,35,6
"1433","Brown",2014,3,0,1,0,2,19,4,14,0,1
"1434","Bureau",2014,41,0,10,6,25,376,80,290,4,2
"1435","Calhoun",2014,NA,NA,NA,NA,NA,NA,NA,NA,NA,NA
"1436","Carroll",2014,2,0,2,0,0,130,28,100,2,0
"1437","Cass",2014,60,0,0,0,60,63,12,47,1,3
"1438","Champaign",2014,981,11,101,222,647,5261,1262,3839,118,42
"1439","Christian",2014,34,0,5,3,26,287,64,202,18,3
"1440","Clark",2014,25,1,2,0,22,59,22,32,4,1
"1441","Clay",2014,6,0,1,1,4,162,23,132,7,0
"1442","Clinton",2014,28,1,6,3,18,339,41,287,11,0
"1443","Coles",2014,118,1,18,12,87,624,175,428,8,13
"1444","Cook",2014,28749,472,1833,11730,14714,133627,22603,97152,12794,1078
"1445","Crawford",2014,33,0,2,0,31,201,47,145,8,1
"1446","Cumberland",2014,16,0,1,0,15,67,21,41,4,1
"1447","De Kalb",2014,259,1,53,14,191,1959,258,1654,26,21
"1448","De Witt",2014,27,0,17,1,9,155,79,69,4,3
"1449","Douglas",2014,22,0,0,0,22,94,20,72,2,0
"1450","Du Page",2014,666,10,111,170,375,11910,1335,10192,344,39
"1451","Edgar",2014,54,0,4,1,49,255,79,160,14,2
"1452","Edwards",2014,5,0,0,0,5,29,7,22,0,0
"1453","Effingham",2014,69,0,8,1,60,565,84,450,26,5
"1454","Fayette",2014,27,0,8,0,19,272,46,218,8,0
"1455","Ford",2014,28,0,1,2,25,202,71,126,4,1
"1456","Franklin",2014,55,0,0,9,46,506,121,354,29,2
"1457","Fulton",2014,41,0,13,2,26,433,96,317,13,7
"1458","Gallatin",2014,6,0,2,0,4,57,17,37,3,0
"1459","Greene",2014,20,0,2,1,17,97,35,57,3,2
"1460","Grundy",2014,44,0,5,4,35,681,118,556,6,1
"1461","Hamilton",2014,2,0,0,0,2,47,14,30,3,0
"1462","Hancock",2014,8,1,0,1,6,159,29,123,5,2
"1463","Hardin",2014,5,0,0,0,5,8,2,6,0,0
"1464","Henderson",2014,0,0,0,0,0,1,0,1,0,0
"1465","Henry",2014,57,1,13,1,42,702,115,573,12,2
"1466","Iroquois",2014,34,0,6,4,24,436,140,279,12,5
"1467","Jackson",2014,251,2,51,95,103,1719,513,1151,52,3
"1468","Jasper",2014,4,0,0,1,3,84,25,55,3,1
"1469","Jefferson",2014,220,1,22,23,174,1192,266,885,29,12
"1470","Jersey",2014,23,0,10,2,11,380,74,286,14,6
"1471","Jo Daviess",2014,23,0,1,0,22,185,39,136,8,2
"1472","Johnson",2014,26,0,1,0,25,76,14,62,0,0
"1473","Kane",2014,948,12,122,207,607,6852,1118,5451,220,63
"1474","Kankakee",2014,323,11,43,112,157,2702,520,2077,79,26
"1475","Kendall",2014,74,0,22,11,41,1334,191,1102,26,15
"1476","Knox",2014,149,2,33,20,94,1235,345,851,34,5
"1477","La Salle",2014,126,0,28,18,80,1921,363,1519,29,10
"1478","Lake",2014,1032,13,145,275,599,11045,2020,8621,299,105
"1479","Lawrence",2014,13,0,0,1,12,121,44,55,21,1
"1480","Lee",2014,31,1,10,5,15,357,85,263,6,3
"1481","Livingston",2014,72,0,23,4,45,546,97,430,14,5
"1482","Logan",2014,85,0,7,5,73,508,102,383,20,3
"1483","Macon",2014,396,2,12,101,281,2657,737,1831,65,24
"1484","Macoupin",2014,63,0,4,2,57,607,162,431,12,2
"1485","Madison",2014,444,3,77,75,289,4756,894,3644,201,17
"1486","Marion",2014,114,1,19,10,84,923,265,617,40,1
"1487","Marshall",2014,12,0,1,1,10,87,39,46,1,1
"1488","Mason",2014,31,0,6,1,24,200,37,161,2,0
"1489","Massac",2014,46,0,14,4,28,330,65,258,5,2
"1490","McDonough",2014,76,1,15,6,54,473,74,389,8,2
"1491","McHenry",2014,276,2,63,27,184,3240,410,2753,50,27
"1492","McLean",2014,484,3,84,61,336,3124,570,2451,88,15
"1493","Menard",2014,8,0,3,0,5,42,10,31,1,0
"1494","Mercer",2014,3,0,0,0,3,34,5,28,1,0
"1495","Monroe",2014,13,0,2,2,9,166,56,107,3,0
"1496","Montgomery",2014,44,0,1,9,34,331,76,245,9,1
"1497","Morgan",2014,31,1,10,4,16,624,123,493,6,2
"1498","Moultrie",2014,3,0,1,0,2,11,5,5,1,0
"1499","Ogle",2014,31,0,6,3,22,260,54,201,4,1
"1500","Peoria",2014,892,7,85,248,552,6143,1496,4363,238,46
"1501","Perry",2014,23,1,1,2,19,162,42,117,3,0
"1502","Piatt",2014,21,0,5,2,14,94,28,63,2,1
"1503","Pike",2014,15,1,6,0,8,165,36,122,5,2
"1504","Pope",2014,NA,NA,NA,NA,NA,NA,NA,NA,NA,NA
"1505","Pulaski",2014,17,0,0,1,16,33,7,25,1,0
"1506","Putnam",2014,0,0,0,0,0,28,10,17,1,0
"1507","Randolph",2014,35,0,6,1,28,323,47,270,5,1
"1508","Richland",2014,45,0,11,1,33,340,62,259,18,1
"1509","Rock Island",2014,476,1,41,55,379,3490,596,2786,94,14
"1510","Saline",2014,67,0,3,8,56,437,156,263,16,2
"1511","Sangamon",2014,1438,6,119,272,1041,6511,1349,4920,177,65
"1512","Schuyler",2014,10,0,2,0,8,61,10,46,4,1
"1513","Scott",2014,2,0,1,0,1,22,6,10,4,2
"1514","Shelby",2014,9,0,0,0,9,74,24,48,1,1
"1515","St. Clair",2014,1590,39,153,293,1105,5838,1227,4116,435,60
"1516","Stark",2014,3,0,0,0,3,73,29,41,2,1
"1517","Stephenson",2014,53,2,18,17,16,808,148,640,15,5
"1518","Tazewell",2014,230,2,61,19,148,2082,524,1493,49,16
"1519","Union",2014,36,1,11,0,24,307,70,217,20,0
"1520","Vermilion",2014,470,1,73,85,311,2784,912,1767,91,14
"1521","Wabash",2014,21,0,1,0,20,180,45,132,3,0
"1522","Warren",2014,37,0,4,2,31,262,57,189,12,4
"1523","Washington",2014,52,0,1,1,50,163,57,103,2,1
"1524","Wayne",2014,44,0,1,0,43,200,47,149,2,2
"1525","White",2014,19,0,0,1,18,207,36,160,11,0
"1526","Whiteside",2014,98,1,21,9,67,896,215,653,20,8
"1527","Will",2014,1063,15,118,253,677,8484,1615,6428,339,102
"1528","Williamson",2014,36,1,6,7,22,865,332,485,39,9
"1529","Winnebago",2014,2187,21,181,473,1512,9122,2305,6246,482,89
"1530","Woodford",2014,25,0,4,0,21,283,50,218,13,2
"1531","Adams",2015,227,5,39,9,174,1268,274,944,43,7
"1532","Alexander",2015,107,0,3,3,101,194,58,119,9,8
"1533","Bond",2015,5,1,0,0,4,130,39,84,7,0
"1534","Boone",2015,0,0,0,0,0,1,0,0,0,1
"1535","Brown",2015,9,0,1,0,8,11,4,5,2,0
"1536","Bureau",2015,53,1,17,4,31,360,110,244,6,0
"1537","Calhoun",2015,NA,NA,NA,NA,NA,NA,NA,NA,NA,NA
"1538","Carroll",2015,8,0,2,1,5,168,25,140,3,0
"1539","Cass",2015,62,0,0,0,62,92,15,71,6,0
"1540","Champaign",2015,918,7,127,205,579,5568,1100,4235,196,37
"1541","Christian",2015,37,0,1,6,30,255,64,167,21,3
"1542","Clark",2015,7,0,1,0,6,96,27,61,6,2
"1543","Clay",2015,11,0,0,0,11,180,27,150,2,1
"1544","Clinton",2015,37,0,5,2,30,386,44,319,13,10
"1545","Coles",2015,173,1,33,14,125,632,146,463,13,10
"1546","Cook",2015,28791,534,1911,11217,15129,124784,20550,90675,12547,1012
"1547","Crawford",2015,42,0,2,0,40,240,55,167,14,4
"1548","Cumberland",2015,9,0,0,0,9,33,10,19,4,0
"1549","De Kalb",2015,297,1,71,35,190,1876,223,1595,41,17
"1550","De Witt",2015,10,0,7,0,3,130,45,80,3,2
"1551","Douglas",2015,48,0,1,1,46,125,31,85,9,0
"1552","Du Page",2015,833,4,159,222,448,11705,1322,9983,338,62
"1553","Edgar",2015,34,0,3,2,29,276,109,143,21,3
"1554","Edwards",2015,4,0,0,0,4,19,9,10,0,0
"1555","Effingham",2015,50,0,7,3,40,648,118,501,24,5
"1556","Fayette",2015,16,0,9,0,7,226,34,187,5,0
"1557","Ford",2015,51,0,8,3,40,203,63,133,5,2
"1558","Franklin",2015,46,0,4,2,40,458,142,291,22,3
"1559","Fulton",2015,44,1,9,4,30,397,76,297,19,5
"1560","Gallatin",2015,6,0,1,0,5,61,19,39,2,1
"1561","Greene",2015,28,0,7,0,21,127,49,76,2,0
"1562","Grundy",2015,41,0,14,6,21,541,109,413,8,11
"1563","Hamilton",2015,2,0,0,0,2,63,18,35,8,2
"1564","Hancock",2015,7,0,3,0,4,53,18,28,7,0
"1565","Hardin",2015,7,0,1,0,6,30,6,21,3,0
"1566","Henderson",2015,0,0,0,0,0,0,0,0,0,0
"1567","Henry",2015,62,0,23,1,38,704,88,604,12,0
"1568","Iroquois",2015,40,0,6,4,30,384,102,269,12,1
"1569","Jackson",2015,173,1,41,42,89,1626,367,1207,45,7
"1570","Jasper",2015,2,0,0,0,2,18,3,15,0,0
"1571","Jefferson",2015,249,2,22,32,193,1168,263,858,25,22
"1572","Jersey",2015,35,0,23,0,12,380,83,289,6,2
"1573","Jo Daviess",2015,23,0,6,2,15,268,64,193,9,2
"1574","Johnson",2015,36,1,1,0,34,64,15,45,4,0
"1575","Kane",2015,999,13,119,225,642,6556,1005,5276,239,36
"1576","Kankakee",2015,311,5,39,82,185,2451,491,1845,78,37
"1577","Kendall",2015,97,0,36,19,42,1229,165,1030,30,4
"1578","Knox",2015,196,1,27,18,150,1068,230,797,37,4
"1579","La Salle",2015,163,2,42,16,103,1982,333,1611,27,11
"1580","Lake",2015,1036,14,155,269,598,10287,1695,8121,368,103
"1581","Lawrence",2015,18,0,1,0,17,98,40,42,16,0
"1582","Lee",2015,56,0,21,6,29,397,94,282,18,3
"1583","Livingston",2015,74,1,19,7,47,407,80,319,7,1
"1584","Logan",2015,62,0,4,10,48,434,83,329,19,3
"1585","Macon",2015,423,6,35,125,257,2810,721,1992,66,31
"1586","Macoupin",2015,81,2,10,4,65,555,113,424,15,3
"1587","Madison",2015,483,2,101,68,312,4683,829,3631,187,36
"1588","Marion",2015,129,4,33,10,82,846,198,602,40,6
"1589","Marshall",2015,16,1,5,0,10,64,20,42,2,0
"1590","Mason",2015,33,0,9,2,22,169,41,121,5,2
"1591","Massac",2015,46,0,6,3,37,366,75,275,15,1
"1592","McDonough",2015,90,0,21,3,66,416,76,326,7,7
"1593","McHenry",2015,298,2,70,18,208,3067,366,2627,53,21
"1594","McLean",2015,455,0,103,59,293,2946,544,2278,114,10
"1595","Menard",2015,11,0,0,0,11,63,19,44,0,0
"1596","Mercer",2015,0,0,0,0,0,82,21,60,1,0
"1597","Monroe",2015,6,1,2,1,2,184,52,126,6,0
"1598","Montgomery",2015,40,0,2,2,36,440,91,337,9,3
"1599","Morgan",2015,67,1,7,4,55,654,112,530,7,5
"1600","Moultrie",2015,2,0,0,0,2,16,2,14,0,0
"1601","Ogle",2015,20,0,3,2,15,263,53,197,11,2
"1602","Peoria",2015,933,16,89,333,495,5695,1322,4138,184,51
"1603","Perry",2015,29,1,1,1,26,168,25,134,9,0
"1604","Piatt",2015,25,0,4,0,21,138,43,93,1,1
"1605","Pike",2015,11,0,1,3,7,113,19,92,2,0
"1606","Pope",2015,NA,NA,NA,NA,NA,NA,NA,NA,NA,NA
"1607","Pulaski",2015,2,0,0,0,2,4,2,2,0,0
"1608","Putnam",2015,0,0,0,0,0,22,7,15,0,0
"1609","Randolph",2015,34,0,11,3,20,240,45,186,7,2
"1610","Richland",2015,37,0,12,1,24,327,52,253,18,4
"1611","Rock Island",2015,503,3,59,61,380,3363,577,2676,92,18
"1612","Saline",2015,65,2,3,4,56,523,181,305,30,7
"1613","Sangamon",2015,1499,11,147,276,1065,6397,1388,4693,251,65
"1614","Schuyler",2015,3,0,0,0,3,25,3,21,0,1
"1615","Scott",2015,1,0,0,0,1,12,5,6,1,0
"1616","Shelby",2015,12,0,1,0,11,84,15,63,6,0
"1617","St. Clair",2015,1664,32,153,315,1164,6301,1467,4344,428,62
"1618","Stark",2015,5,0,1,0,4,49,7,36,4,2
"1619","Stephenson",2015,74,1,19,14,40,812,158,631,14,9
"1620","Tazewell",2015,331,1,66,13,251,2145,439,1635,63,8
"1621","Union",2015,28,0,5,0,23,218,43,166,8,1
"1622","Vermilion",2015,614,0,96,96,422,2892,981,1794,102,15
"1623","Wabash",2015,24,0,0,0,24,145,35,103,2,5
"1624","Warren",2015,44,0,9,4,31,223,50,169,3,1
"1625","Washington",2015,79,0,0,0,79,157,31,118,7,1
"1626","Wayne",2015,32,0,5,0,27,133,33,97,3,0
"1627","White",2015,32,0,1,0,31,150,38,100,9,3
"1628","Whiteside",2015,102,0,30,10,62,874,179,675,18,2
"1629","Will",2015,1035,18,164,228,625,9166,1877,6848,358,83
"1630","Williamson",2015,52,3,13,8,28,724,205,471,45,3
"1631","Winnebago",2015,2692,22,197,563,1910,8279,1958,5635,618,68
"1632","Woodford",2015,29,0,5,0,24,227,35,186,6,0
