fips,county,1970,1971,1972,1973,1974,1975,1976,1977,1978,1979,1980,1981,1982,1983,1984,1985,1986,1987,1988,1989,1990,1991,1992,1993,1994,1995,1996,1997,1998,1999,2000,2001,2002,2003,2004,2005,2006,2007,2008,2009,2010,2011,2012,2013,2014,2015,2016,2017
1,Adams,70861,70500,71900,72700,72700,72300,71900,71300,71600,71300,71622,71325,71174,70392,69501,68547,67405,66829,66691,66090,66109,66689,66920,67558,68394,68636,68680,68715,68681,68430,68183,68014,67776,67267,66818,66920,67106,66943,66943,67039,67162,67172,67199,67046,66988,67013,66673,66234
3,Alexander,12015,12200,12300,12300,12100,12400,12700,12600,12200,12300,12264,12323,12056,11948,11945,11677,11415,11342,11137,10626,10579,10518,10452,10265,10053,9989,9889,9659,9632,9621,9684,9592,9592,9254,9186,8914,8730,8552,8461,8295,8206,8013,7750,7643,7492,6780,6491,6315
5,Bond,14012,14400,15000,15300,15500,15600,15800,16000,15700,16200,16224,16489,16132,15932,15748,15599,15538,15503,15321,14991,15027,15165,15251,15396,16076,17100,17267,17378,17588,17532,17659,17586,17735,17960,18101,17988,18004,18077,17916,17747,17773,17731,17621,17461,17269,16950,16841,16948
7,Boone,25440,25600,26400,27000,27400,27400,27600,28000,28700,29200,28630,29179,29213,29133,29175,29483,29629,29641,30111,30806,30981,31810,32901,33933,35268,36651,37956,38853,39864,40844,42052,43220,44585,46242,47893,49725,51797,53512,54211,54154,54144,54223,53880,53910,53869,53585,53562,53513
9,Brown,5586,5800,5600,5500,5600,5600,5700,5600,5400,5500,5411,5601,5588,5726,5821,5736,5615,5676,5659,5836,5851,6171,6225,6155,6347,6401,6765,6815,6922,6948,6977,6984,6925,6997,6968,6917,6875,6833,6896,6963,6911,6877,6912,6857,6832,6829,6744,6716
11,Bureau,38541,37300,37100,37800,37700,37800,37900,38200,38600,38500,39114,39501,38790,38399,38058,37704,37127,36625,36234,35688,35690,35723,35762,36036,36043,36023,35814,35884,35621,35527,35456,35181,35057,35080,34951,34977,35183,35153,35078,35058,34905,34640,34337,34084,33840,33587,33433,33243
13,Calhoun,5675,5500,5600,5700,5700,5800,5800,5900,5700,5800,5867,5928,5739,5699,5704,5551,5498,5380,5423,5322,5340,5311,5243,5271,5122,5074,5146,5155,5092,5093,5086,5045,4987,5122,5138,5163,5174,5160,5084,5082,5079,5067,5022,5042,4956,4899,4859,4833
15,Carroll,19276,19100,19500,19400,19300,19600,19300,19300,19300,19100,18779,18901,18548,18342,18058,17801,17485,17153,17006,16805,16800,16646,16618,16670,16843,16857,16925,16946,16959,16813,16611,16405,16312,16267,16102,15914,15866,15734,15638,15476,15364,15185,15003,14868,14715,14616,14611,14518
17,Cass,14219,14400,14600,14600,14600,14600,14900,15000,14800,14500,15084,15100,14785,14662,14434,14223,13891,13631,13562,13437,13447,13511,13450,13421,13553,13544,13612,13652,13735,13795,13675,13677,13549,13674,13640,13670,13611,13699,13660,13623,13639,13647,13422,13335,13156,12847,12681,12505
19,Champaign,163281,164300,163700,167300,168100,166300,169100,170700,171500,168000,168392,170530,171586,170311,170839,171355,173215,173857,174411,173025,173341,175468,178175,174600,172731,172859,175018,176626,177004,178652,180041,181956,184198,187013,188617,190659,193844,196621,197570,199968,201460,202706,204009,205761,207133,208861,209267,209399
21,Christian,35948,36500,37000,37000,36600,37000,37300,37300,37300,36500,36446,36756,36279,36391,36161,35700,35199,35098,34834,34418,34447,35039,35320,35392,35498,35706,35664,35600,35523,35398,35383,35240,35181,35172,35308,35165,35076,35034,34974,34808,34783,34720,34511,34171,33892,33642,33271,33102
23,Clark,16216,16300,16300,16100,16300,16400,16300,16600,16600,16600,16913,17167,17071,16897,16713,16555,16215,16103,16115,15921,15930,15943,16083,16290,16479,16530,16671,16768,16949,17011,16969,16829,16844,16750,16718,16728,16669,16682,16634,16431,16296,16219,16304,16203,16180,15979,15848,15767
25,Clay,14735,14800,14900,15000,15300,15300,15500,15500,15200,15500,15283,15712,15706,15595,15487,15180,15045,14729,14626,14460,14472,14550,14451,14472,14492,14574,14589,14607,14723,14575,14409,14260,14228,14194,14142,14134,14061,13975,13971,13826,13818,13731,13733,13572,13520,13428,13311,13269
27,Clinton,28315,28400,29100,29400,29700,29900,30600,31100,31500,32100,32617,33666,33597,33648,33935,33781,33869,33720,33835,33944,33962,34029,34237,34750,34885,35139,35227,35264,35589,35533,35565,35792,36003,36231,36495,36681,37051,37160,37472,37459,37819,38130,38057,37895,37857,37786,37565,37614
29,Coles,47815,49100,49800,50400,49900,50300,52300,52700,52200,52800,52260,53221,52857,52780,52685,52594,52272,52000,52030,51644,51671,51895,52505,52866,53421,52873,53132,53371,53455,53447,53114,52549,52454,52974,53182,53016,53359,53492,53454,53612,53931,53751,53631,53641,53320,52521,52412,51979
31,Cook,5493769,5523000,5505800,5452100,5428300,5398300,5385700,5367300,5340700,5287100,5253628,5220295,5222484,5213812,5220920,5201817,5187228,5172398,5140402,5105044,5109524,5149050,5199839,5235344,5262162,5283463,5306511,5322117,5345537,5365344,5373418,5360562,5328775,5294739,5252021,5207615,5165495,5154235,5161831,5181728,5198716,5214988,5232340,5246635,5246456,5238216,5231356,5211263
33,Crawford,19824,19500,19800,19800,19900,20300,20600,20700,20900,21000,20818,21318,21292,21229,21079,20896,20740,20404,20058,19464,19390,20046,20482,20649,20856,20856,20891,20782,20717,20623,20411,20363,20204,20106,20059,20051,19966,19886,19831,19845,19808,19783,19627,19514,19393,19414,19142,18961
35,Cumberland,9772,9700,10100,10300,10400,10600,10600,10900,11000,10900,11062,11107,10966,10955,10927,10879,10792,10753,10744,10670,10692,10773,10832,10940,11036,11096,11198,11186,11170,11186,11318,11238,11171,11066,11078,11057,11103,11077,11100,11044,11041,11068,10936,10871,10833,10898,10892,10908
37,DeKalb,71654,71700,72200,70900,71400,72600,73100,73700,72900,74000,74628,74853,74399,73711,72697,72978,74011,74844,75789,77932,78347,79564,80421,81682,82850,82810,83947,85078,86402,88010,89237,90545,91951,94096,96106,98438,101437,103746,104601,105146,105119,104520,104693,104802,105462,104352,104447,104733
39,De Witt,16975,17000,17400,17600,17400,17600,17700,17900,18100,18100,18108,18168,17861,17673,17584,17442,17136,16741,16620,16516,16554,16613,16677,16726,16854,16824,16736,16757,16781,16764,16800,16792,16673,16686,16671,16716,16792,16742,16733,16538,16578,16548,16492,16401,16284,16247,16159,15942
41,Douglas,18997,18900,19200,19300,19500,19800,20200,20000,19900,19800,19774,19950,19793,19763,19590,19552,19663,19665,19534,19464,19460,19457,19460,19545,19648,19777,19793,19909,19918,19905,19964,20032,20017,20010,20100,20101,20111,20061,19970,19949,19957,19826,19832,19829,19889,19823,19769,19748
43,DuPage,487966,506400,518900,539500,550400,567800,580200,602900,621500,636600,658876,669770,682289,690201,701251,714497,726512,741405,757986,781689,785768,801291,815497,830865,845797,855531,863785,874404,886168,898083,906284,911474,913880,914078,913940,911378,908685,907426,909798,912732,917911,923352,926933,931522,932708,933736,931153,930128
45,Edgar,21591,21500,21600,21600,21500,21600,21700,21700,21500,21800,21725,22034,21729,21674,21251,20968,20729,20386,20016,19595,19554,19496,19507,19746,19911,20132,20303,20090,20020,19821,19582,19465,19249,19085,19041,18987,18986,18929,18768,18668,18505,18396,18153,17958,17841,17664,17472,17328
47,Edwards,7090,7000,7200,7300,7400,7600,7700,7800,7800,7900,7961,8110,8129,8165,8220,8153,8029,7898,7744,7440,7422,7400,7389,7307,7246,7262,7177,7076,7020,6954,6963,6879,6856,6883,6825,6796,6694,6728,6710,6675,6726,6684,6731,6678,6617,6534,6545,6486
49,Effingham,24608,25400,26000,26400,26800,28000,28700,29500,29900,30400,30944,31616,31167,31400,31208,31354,31282,31370,31494,31704,31759,31945,32140,32419,32827,33120,33498,33704,33910,34164,34248,34334,34281,34408,34497,34365,34289,34191,34173,34275,34197,34253,34322,34306,34320,34371,34182,34132
51,Fayette,20752,21000,21100,21100,21300,21300,21500,21700,22000,22000,22167,22444,22282,22397,22058,21788,21665,21440,21253,20893,20894,20743,20786,20968,21005,21203,21408,21929,21894,21786,21827,21695,21814,21514,21056,21848,21925,21890,22006,22089,22116,22160,22022,22037,21870,22043,21816,21784
53,Ford,16382,15600,15300,15600,15400,15300,15300,15000,15200,15300,15265,15506,15311,15220,15014,14921,14854,14642,14589,14275,14226,14063,14045,13994,14011,14232,14239,14274,14223,14260,14195,14148,14118,14095,14135,14092,14096,14213,14095,14084,14078,13954,13998,13814,13688,13736,13342,13280
55,Franklin,38329,39600,39200,40500,40700,41400,42200,42600,42800,42700,43201,44084,43561,43726,43098,42969,42844,42145,41264,40319,40242,40048,39824,39869,39938,39971,40095,39624,39334,39126,39003,38798,38893,39066,39298,39587,39560,39473,39546,39482,40023,40002,39862,39572,39411,39485,39092,39041
57,Fulton,41900,42500,42800,43000,43300,43400,43600,43700,44100,43600,43687,43863,43107,42341,41281,39793,38649,38304,38133,38080,38077,38186,38347,38328,38357,38443,38840,38616,38454,38434,38216,37880,37587,37705,37630,37452,37387,37272,37224,37090,37071,36973,36659,36369,36007,35699,35517,35110
59,Gallatin,7418,7700,7600,7500,7600,7700,7600,7800,7600,7800,7590,7850,7719,7718,7644,7602,7490,7309,7077,6909,6902,6787,6778,6788,6723,6666,6654,6544,6512,6477,6405,6279,6144,6117,6071,6030,5980,5883,5796,5631,5578,5510,5414,5401,5291,5265,5163,5080
61,Greene,17014,16800,17100,17300,17100,17300,17300,17300,16900,16800,16661,16846,16519,16262,15986,15874,15695,15590,15519,15317,15314,15156,15069,15206,15190,15166,15075,15066,14982,14832,14752,14620,14622,14558,14411,14382,14167,14001,13956,13926,13877,13841,13616,13617,13434,13241,13119,13174
63,Grundy,26535,27400,28000,28100,28000,28400,28800,29400,30400,30500,30582,30948,30677,30619,30735,30845,31024,31313,31575,32337,32494,33255,33755,34263,34685,35073,35651,36263,36732,37121,37704,38320,38865,39819,41410,44181,46534,48175,49166,49702,50098,50045,50150,50149,50425,50541,50269,50586
65,Hamilton,8665,8700,8700,8700,8800,8800,8900,9100,9200,9400,9172,9351,9271,9280,9166,9086,8919,8841,8750,8499,8487,8478,8473,8501,8493,8599,8633,8674,8695,8688,8602,8527,8440,8431,8525,8471,8497,8416,8454,8448,8449,8416,8364,8329,8296,8200,8199,8194
67,Hancock,23664,23200,22800,23000,22800,22900,23200,23400,23500,23800,23877,24200,23781,23562,23247,22720,22308,22051,21729,21373,21346,21319,21409,21349,21134,20971,20844,20594,20523,20267,20148,20069,19794,19673,19577,19479,19412,19359,19192,19080,19093,19019,18835,18531,18564,18543,18219,18020
69,Hardin,4914,4900,5000,5100,5100,5200,5300,5300,5400,5500,5383,5506,5388,5400,5469,5369,5294,5356,5231,5189,5185,5117,5186,5223,5108,5077,4978,4914,4863,4824,4777,4765,4723,4724,4664,4615,4508,4462,4386,4344,4304,4281,4257,4158,4129,4135,4099,4046
71,Henderson,8451,8400,8400,8500,8500,8600,8500,8700,8900,9100,9114,9144,8976,8961,8799,8653,8418,8340,8316,8096,8058,8087,8190,8209,8106,8257,8260,8353,8292,8218,8172,8150,8078,7935,7912,7786,7614,7565,7463,7340,7325,7201,7019,6909,6916,6995,6874,6795
73,Henry,53217,52400,52800,53800,54800,56000,56200,56800,57400,58100,57968,57618,56769,56329,55530,54721,53681,52738,52101,51159,51063,50971,51058,50839,50956,51150,51075,50830,50789,51004,51078,50714,50454,50714,50509,50572,50392,50528,50492,50536,50432,50267,50071,49750,49635,49489,49524,49328
75,Iroquois,33532,34000,34100,34500,34000,33900,34100,33800,33700,33400,32976,33481,33081,32760,32541,32156,31765,31595,31209,30787,30783,30919,31200,31431,31493,31481,31649,31603,31494,31389,31386,31022,30805,30688,30493,30548,30308,30282,30228,29863,29663,29510,29289,29017,28879,28672,28214,27876
77,Jackson,55008,56400,56800,54900,54900,57300,60300,61400,61000,61200,61649,62529,62399,62538,61480,61440,61080,61215,60890,61067,61055,60699,61128,61798,61481,61099,60875,60607,60304,60026,59633,59530,58949,59282,59462,60006,60170,59518,59605,59664,60386,60366,60214,59981,59677,59362,59032,58284
79,Jasper,10741,10700,11000,10900,11000,11200,11300,11400,11200,11300,11318,11452,11491,11491,11289,11133,11135,10979,10888,10609,10607,10563,10536,10530,10528,10501,10465,10412,10387,10256,10067,10056,10015,9970,10010,9905,9807,9776,9786,9701,9706,9740,9644,9577,9623,9607,9593,9578
81,Jefferson,31848,32300,32700,33200,33000,33800,34500,35200,35500,35900,36558,37887,38004,38252,38281,38577,38103,37578,37171,37020,37088,37154,37293,38489,39094,39459,39557,39654,39695,39981,40041,39874,39805,39730,39638,39624,39545,39412,39277,38970,38804,38791,38730,38721,38534,38353,38308,38179
83,Jersey,18492,19300,19500,19500,19500,19700,19800,20000,20100,20400,20538,20802,20611,20551,20376,20243,20331,20510,20482,20539,20542,20780,20968,21129,20909,21193,21288,21448,21662,21659,21642,21751,22001,22126,22374,22500,22736,22838,23084,23060,22964,22850,22732,22638,22571,22372,21945,21941
85,Jo Daviess,21766,22300,22400,22300,22300,22700,23000,23300,23200,23500,23520,23786,23469,23185,22944,22871,22592,22294,22175,21821,21798,22008,21964,22276,22358,22252,22252,22249,22132,22242,22296,22486,22480,22701,22646,22680,22828,22758,22715,22685,22660,22621,22380,22218,22254,22086,21861,21594
87,Johnson,7550,7500,7800,8300,8600,9000,9200,9500,9500,9900,9624,9944,9964,10128,10275,10995,11173,11249,11314,11347,11324,11463,11587,11441,11849,12360,12594,12637,12931,12778,12836,12794,12454,12969,12903,12816,12889,12792,12671,12604,12610,12635,12756,12648,12601,12762,12961,12900
89,Kane,251005,255600,258500,261700,265800,267600,269300,271100,276200,277000,278405,280143,278859,280933,286381,289277,293743,298651,305242,317471,319491,325727,332476,339619,346687,356995,366912,376725,386103,396371,407847,423975,440437,453929,466884,475384,485179,495752,504437,511273,516020,519923,521843,524277,527306,530847,532553,534667
91,Kankakee,97250,98700,99700,99400,99800,100000,100500,101600,103000,104200,102926,102544,101218,99560,98513,97039,95926,95692,95481,96255,96560,97598,99215,100766,101736,101923,102296,102951,103222,103675,103842,104490,104932,105794,106744,107917,109735,111499,112658,113107,113462,113453,112926,112193,111375,110879,110053,109605
93,Kendall,26374,27000,28600,29800,30400,31200,32100,33600,34900,36600,37202,37847,37531,37093,37261,37283,37322,37813,38416,39413,39508,40290,41006,42008,43579,44924,47218,49153,51025,52845,55311,58437,62523,67740,73723,81107,90740,100917,108559,112490,115240,116711,118145,119525,121350,123355,124573,126218
95,Knox,60939,60600,61000,61300,62100,62300,62300,62100,62000,61700,61607,60973,59943,59365,58668,57554,56636,56898,56700,56393,56380,56412,56464,56580,56367,56308,56114,56081,56114,55987,55783,55329,54963,54425,53909,53513,53196,52894,52836,52817,52919,52700,52314,52235,52069,51441,50945,50638
97,Lake,382638,385200,391400,391600,398900,408000,416600,426500,434000,440700,440387,449826,451470,455347,457407,465821,473870,482608,492692,516418,520187,532119,543244,554697,567357,580911,596182,609714,621618,633094,648150,658986,668022,668760,677735,684419,689891,692995,697369,701042,704141,701012,701513,704000,705186,703910,704935,703520
99,LaSalle,111409,112000,111500,110900,110200,110000,110300,110100,109800,108800,112033,110949,109687,108926,108595,107957,107473,107017,106303,106913,107126,107553,108182,109093,109459,109936,110660,110956,111422,111600,111600,112212,111904,110949,112135,112565,113139,113794,114171,113999,113866,113463,112882,112039,111241,111333,110507,110067
101,Lawrence,17522,17900,17800,18000,18100,17900,18000,18200,17900,17800,17807,18190,18232,18212,18092,17860,17301,16834,16464,15972,15928,16025,15956,15992,16080,16178,16025,15831,15683,15546,15432,15527,16045,16455,16562,16910,16730,16952,16935,16802,16916,16814,16698,16683,16519,16491,16343,16168
103,Lee,37947,37900,37000,37100,36700,36900,36900,36800,37000,36500,36328,36633,35724,34656,34476,34330,34238,34184,34249,34392,34476,34711,34929,35345,35614,36040,36029,36222,36214,36080,36092,36100,35825,35586,35704,35635,35905,36191,36272,36189,35970,35515,35141,34881,34735,34584,34399,34406
105,Livingston,40690,41900,41800,41400,41500,41700,41500,41900,42000,41500,41381,41417,41003,40481,40495,40191,39799,39441,39481,39301,39354,39086,39558,39871,40048,40330,39601,39774,39610,39786,39751,39881,39519,39095,39145,39062,38978,39069,39071,39054,38853,38844,38535,38243,37903,36671,36475,36518
107,Logan,33538,33700,32800,32800,32800,32900,33000,32400,32600,31600,31802,32103,31419,31110,30947,31354,31046,30824,30880,30798,30765,30726,30868,30869,30930,31148,31014,31043,31465,31264,31161,30934,30873,30958,30981,30795,30562,30498,30513,30342,30283,30259,30003,29943,29746,29494,29338,29245
109,McDonough,36653,37500,40300,40600,40600,39400,40000,39700,38700,37200,37467,38592,38348,37471,36601,35954,35315,34955,35038,35244,35210,35133,34832,34848,34935,33563,33508,33382,33341,33168,32841,32789,32802,32971,32798,32848,32868,32945,32615,32611,32596,32501,32545,32420,31880,31333,31387,30823
111,McHenry,111555,112100,114500,120100,122100,124900,128300,133700,138200,143600,147897,148814,149834,151784,154773,157672,161268,165577,170847,183241,185409,193390,201137,210283,219478,228762,235954,242449,248529,255448,261084,267632,274441,281743,287997,294280,300630,305117,307246,308067,309114,307899,307775,307367,307283,307343,307972,309122
113,McLean,104389,107900,113000,114200,114900,114000,115400,116800,117500,118200,119149,119963,120379,121622,122295,122918,122638,124317,126021,129180,129715,132200,134198,136831,138613,140945,142363,144342,146526,149135,150844,152713,155882,157795,159096,160299,162925,165223,166825,168727,169843,170734,172418,174893,174061,173166,172688,172290
115,Macon,125010,125300,125200,126900,127800,129200,129700,131400,132400,132400,131375,130295,128485,126932,126033,124970,122775,120527,119024,117206,117271,117984,118297,117933,117490,117289,116573,115706,115453,115142,114499,113604,112564,111572,111181,111083,110808,110751,110588,110732,110757,110582,110043,109435,108350,107303,106651,105801
117,Macoupin,44557,44800,45600,46200,46600,47300,47600,48200,48600,48500,49384,49902,49412,49410,49274,49182,48978,48723,48375,47679,47690,47897,47860,48082,48422,48677,48930,48866,48732,49005,48972,48788,48719,48690,48612,48418,48176,48195,48092,47630,47784,47807,47208,46892,46453,46045,45653,45446
119,Madison,250911,254000,255100,253300,252500,251300,250900,249500,250600,251500,247664,246702,244437,244885,245117,246494,247243,248041,248932,249238,249738,251778,253201,254434,255580,256665,257218,258533,258700,258739,259204,260343,261130,262566,263722,264759,266164,267382,268232,268978,269341,268500,268039,267247,266560,266209,265598,265428
121,Marion,38986,39800,40300,40700,40600,40800,41100,42100,42700,44000,43523,44534,44347,44419,44139,43675,43272,42791,42232,41561,41612,41571,41628,41768,41764,41972,42123,42062,41896,41647,41665,41393,40971,40602,40229,39941,40037,39898,39794,39465,39455,39014,38923,38646,38571,38339,38066,37902
123,Marshall,13302,13300,12900,13300,13300,13400,13600,13700,13700,13900,14479,14524,14308,14177,13805,13478,13164,13027,12967,12846,12869,12840,12904,12832,12821,12929,12949,13033,13105,13182,13137,12917,12939,12911,13007,12952,12896,12896,12725,12671,12630,12508,12301,12140,12014,11982,11898,11730
125,Mason,16180,16700,17200,17200,17700,18300,19000,19500,19800,19500,19492,19285,18797,18448,17906,17520,16994,16625,16432,16269,16277,16353,16419,16432,16374,16344,16262,16297,16194,16082,16001,15960,15847,15717,15671,15471,15153,15078,14962,14787,14645,14475,14339,14187,13898,13701,13706,13715
127,Massac,13889,13600,13800,13900,13800,14100,14400,14600,14700,15200,14990,15196,15069,14996,14951,14968,15022,14830,14915,14752,14771,14784,14891,15063,15140,15152,15208,15364,15378,15258,15136,15077,15206,15205,15444,15477,15397,15471,15408,15435,15400,15312,15143,14980,14905,14766,14469,14344
129,Menard,9685,9800,10200,10300,10600,10800,11100,11200,11400,11300,11700,11769,11682,11640,11603,11592,11489,11404,11334,11164,11130,11229,11352,11575,11795,12006,12154,12246,12281,12390,12476,12503,12525,12562,12641,12556,12570,12746,12780,12720,12693,12709,12709,12608,12570,12444,12399,12245
131,Mercer,17294,17300,17300,17700,17800,18200,18600,18700,19000,19600,19286,19586,19468,19254,18977,18584,18106,17893,17771,17290,17261,17219,17156,17072,17083,17083,17026,17011,16979,16948,16937,16910,16914,16829,16795,16694,16642,16598,16650,16438,16425,16350,16176,16123,15945,15858,15630,15618
133,Monroe,18831,18300,19000,19100,19200,19300,19500,19500,19800,19800,20117,20467,20341,20391,20605,20701,20901,21347,21684,22422,22560,22994,23465,23924,24228,24790,25408,25889,26664,27247,27764,28302,29070,29771,30422,31007,31644,32139,32533,32848,33009,33233,33331,33570,33722,33879,33878,34097
135,Montgomery,30260,30500,31000,31100,31100,31300,31600,32000,32200,31800,31686,32726,32662,32537,32023,31898,31602,31422,31328,30728,30630,30687,30795,30504,30651,30702,30690,31072,31053,30748,30657,30516,30550,30355,30394,30288,30378,30295,30276,30124,30095,29839,29725,29671,29359,28898,29079,28790
137,Morgan,36174,37200,37300,37400,37600,37300,37500,37700,37800,37300,37502,37625,37158,37307,36976,37338,37121,36796,36505,36397,36443,36582,36626,36994,37085,37079,37104,36793,36617,36546,36638,36403,36262,36241,36332,36101,35966,35936,35761,35602,35553,35561,35279,35038,34929,34828,34194,33798
139,Moultrie,13263,13600,13500,13500,13500,13700,13800,14000,13900,14600,14546,14649,14650,14669,14511,14392,14268,14184,14086,13930,13946,13909,14014,13865,13960,14051,14128,14221,14179,14198,14327,14324,14362,14432,14521,14587,14565,14666,14743,14787,14853,14916,14973,14903,14837,14931,14599,14688
141,Ogle,42867,42600,43400,44000,44500,44900,45100,45200,45900,46300,46338,46679,46059,46025,45920,45969,45457,45270,45491,45957,46059,46892,47413,48053,48725,49166,49810,50074,50368,50751,51275,51468,51758,52227,52536,52893,53358,53634,53802,53621,53448,53160,52839,52377,52085,51659,51168,51063
143,Peoria,195318,198800,200200,200100,200600,200500,201500,200700,200700,200400,200466,200006,197990,194712,190605,186607,182189,180602,180825,182827,183155,184365,184358,184355,184139,184816,184720,184384,184006,184042,183186,182348,182685,182338,182613,182868,183446,184048,184803,186930,186270,186675,187193,188529,187319,186221,185296,183011
145,Perry,19757,20200,20300,20400,20500,20900,21200,21400,21800,21700,21714,22080,21977,22176,22258,22219,22093,21907,21536,21412,21420,21388,21322,21426,21332,21322,21457,21374,21273,23223,23055,23006,22708,22631,22630,22608,22692,22596,22434,22374,22331,22236,22070,21861,21672,21543,21382,21285
147,Piatt,15509,15700,15900,16000,16000,16200,16400,16400,16500,16500,16581,16701,16493,16404,16305,16192,15978,15830,15777,15548,15550,15602,15650,15919,15904,16037,16144,16311,16231,16388,16387,16357,16216,16375,16463,16649,16682,16664,16716,16774,16712,16672,16507,16440,16431,16387,16526,16445
149,Pike,19185,19200,19500,19300,19400,19600,19500,19300,19100,18900,18896,19121,18879,18932,18788,18443,18045,17878,17894,17577,17551,17459,17421,17412,17149,17209,17253,17594,17590,17490,17320,17178,17031,16866,16910,16862,16632,16772,16615,16473,16400,16377,16279,16142,16022,15989,15882,15821
151,Pope,3857,3900,4100,4200,4200,4300,4300,4400,4500,4600,4404,4480,4367,4375,4587,4541,4538,4477,4408,4373,4356,4404,4316,4376,4384,4421,4407,4391,4370,4366,4411,4376,4334,4393,4424,4346,4397,4439,4393,4431,4460,4452,4289,4332,4276,4226,4295,4325
153,Pulaski,8741,8900,9000,8900,8900,9000,9300,9300,9200,9300,8840,8860,8733,8456,8349,8225,8105,7919,7727,7523,7519,7463,7489,7422,7419,7482,7421,7334,7426,7406,7294,7118,7001,6859,6733,6575,6434,6359,6198,6164,6140,6007,5971,5904,5815,5678,5603,5509
155,Putnam,5007,5000,5200,5400,5500,5600,5600,5800,5800,6000,6085,6193,6076,6101,6090,5990,5841,5775,5669,5730,5740,5777,5779,5797,5879,5847,5871,5965,5992,6080,6065,6052,6061,6074,6015,5977,5931,5987,5989,5997,5994,5968,5875,5825,5814,5644,5717,5727
157,Randolph,31379,32400,31800,32500,32500,33100,33800,34500,34900,35200,35652,35761,35825,35810,35461,35439,35409,35150,35131,34583,34500,34457,34260,34129,34367,34254,34032,33795,33687,33899,33910,34127,33512,33410,33714,33588,33688,33598,33584,33528,33456,33269,32947,32915,32869,32852,32597,32423
159,Richland,16829,17200,17300,17500,17500,17700,17700,17800,17700,18000,17587,18260,18515,18416,18243,17974,17447,16947,16560,16545,16512,16556,16561,16468,16568,16491,16420,16513,16387,16212,16259,16162,16326,16305,16270,16258,16171,16153,16061,16229,16207,16219,16165,16068,16061,16029,15858,15901
161,Rock Island,166734,166600,167300,166800,168400,169100,169000,167800,167200,166300,166759,167781,166165,164006,162115,158931,155640,152819,150372,148723,148688,149563,150439,150912,150646,150475,149856,149937,150027,149961,149134,148734,148286,147384,147291,147067,147131,147918,147501,147552,147632,147256,147065,146804,146063,146133,145472,144808
163,St. Clair,285591,282300,284700,280800,275900,274700,273400,271200,271800,271700,267531,267050,266073,265569,265028,265155,266545,266527,264487,262852,262628,261785,261689,264082,263606,262499,261907,260631,258286,256201,256462,256540,257952,258448,260214,261255,263445,264764,266518,268489,270406,270088,268785,267065,265729,264052,263120,262479
165,Saline,25721,26700,27300,26700,26500,26700,27200,27300,27200,27400,28448,29020,28953,29025,28698,28477,28182,27912,27452,26551,26501,26479,26711,27015,27028,26881,27076,26897,26946,26878,26603,26249,26060,25832,25763,25526,25482,25390,25140,24911,24937,24959,24981,24892,24612,24548,24253,24102
167,Sangamon,161335,165700,166400,168300,169000,173100,176300,177200,176500,176200,176070,175720,175162,175971,176144,176512,175827,176187,177185,178386,178688,181315,184247,186941,189337,189592,189969,189638,189441,188957,189152,189924,190756,191339,191885,192432,193317,194025,195094,196180,197833,198925,199247,199037,198997,198712,197591,196452
169,Schuyler,8135,7900,7800,8100,8000,8000,8100,8100,8200,8200,8365,8356,8237,8149,7993,7809,7676,7597,7549,7498,7502,7515,7447,7506,7479,7593,7490,7442,7333,7248,7199,7123,7175,7236,7374,7508,7513,7545,7543,7489,7545,7485,7486,7425,7330,7032,7053,7035
171,Scott,6096,6200,6400,6300,6300,6300,6300,6300,6100,6200,6142,6095,6059,5984,5894,5886,5815,5747,5744,5644,5633,5573,5622,5564,5579,5584,5539,5543,5541,5515,5549,5541,5505,5507,5467,5457,5392,5388,5373,5373,5335,5232,5295,5234,5204,5092,5055,5002
173,Shelby,22589,22600,23100,23200,23400,23600,23700,23700,23500,23600,23923,23973,23630,23464,23294,23146,22891,22653,22595,22261,22300,22373,22472,22493,22578,22747,22948,23022,23072,22973,22850,22702,22656,22625,22484,22445,22379,22314,22398,22386,22344,22290,22233,22164,22048,21775,21727,21719
175,Stark,7510,7500,7500,7300,7300,7300,7200,7300,7200,7300,7389,7371,7252,7160,7070,7020,6930,6786,6633,6534,6541,6460,6437,6450,6414,6440,6444,6405,6415,6368,6317,6308,6268,6196,6172,6136,6156,6143,6109,6043,5967,5839,5937,5883,5813,5788,5506,5434
177,Stephenson,48861,48800,49000,49100,49100,48900,48800,48600,48700,49300,49536,50466,49842,49532,49362,49232,48768,48462,48250,48052,48118,48255,48513,48801,49073,49031,49233,49308,49195,49194,48920,48625,48367,48503,48479,48105,47917,47794,47805,47792,47680,47396,46973,46782,46435,45749,45540,45054
179,Tazewell,118649,121500,124100,124800,125800,127100,128500,129200,130000,130500,132078,131662,130451,129168,127568,125048,122898,122047,122266,123692,123887,124456,125071,125169,125572,127764,127753,128021,128327,128540,128520,128468,128722,128770,129656,130784,131804,133131,133893,135054,135447,135742,136094,136372,135707,134800,133967,133526
181,Union,16071,16500,16400,16400,16200,16300,16600,16900,16800,16900,17765,18196,18043,18277,18266,18265,18302,18180,18074,17619,17609,17699,17924,18020,18034,18151,18281,18307,18272,18353,18267,18116,18092,18116,18048,18071,18082,18066,17965,17909,17760,17702,17632,17559,17447,17408,17115,17000
183,Vermilion,97047,97400,97800,98100,97700,97600,98200,97800,97800,96900,95222,94596,92998,92758,92141,91584,91551,90909,89831,88257,88155,87986,87944,87738,87922,86570,85298,85274,84996,84276,83821,83646,83299,82996,82955,82728,82715,82258,81930,81710,81595,81358,80764,80418,79728,79282,78560,77909
185,Wabash,12841,13100,13200,13000,13400,13300,13700,13900,13700,13500,13713,14007,13913,14021,13939,13824,13639,13496,13388,13111,13106,13169,13099,13181,13072,13139,12971,13030,12966,12969,12895,12755,12640,12561,12486,12451,12354,12237,12158,12040,11933,11829,11716,11624,11549,11542,11511,11489
187,Warren,21595,21600,22000,22000,22000,22000,22200,22300,22300,22000,21943,22155,21638,21482,21084,20759,20445,19853,19572,19181,19160,19223,19255,19015,19035,19097,18905,18971,18958,18870,18680,18471,18388,18227,17894,17874,17839,17828,17665,17689,17716,17843,17785,17704,17874,17527,17307,17167
189,Washington,13780,14200,14600,14400,14500,14500,14700,14900,14600,15100,15472,15646,15517,15438,15219,15230,15125,15109,15229,14965,14963,14860,14796,14939,15037,15104,15155,15283,15240,15143,15162,15258,15129,15189,15106,14950,15008,14890,14855,14755,14699,14586,14611,14404,14337,14270,14210,14030
191,Wayne,17004,17100,17200,17400,17400,17500,17600,17700,17700,18200,18059,18519,18613,18794,18612,18403,18247,17779,17553,17241,17217,17022,17018,17077,17142,17157,17141,17152,17108,17203,17112,17068,17007,16947,16881,16910,16829,16951,16930,16788,16736,16620,16621,16616,16543,16423,16573,16495
193,White,17312,16900,16800,16900,16800,16900,17400,17500,17400,17600,17864,18333,18403,18168,18086,17934,17727,17432,16982,16522,16481,16359,16143,15972,15827,15822,15674,15580,15469,15403,15333,15286,15138,15011,15089,15074,14942,14796,14868,14767,14642,14622,14582,14526,14374,14327,14088,13938
195,Whiteside,62877,63600,64100,64600,64500,64700,65200,64900,65000,66300,65970,65666,64356,63443,62828,62313,61428,61037,60807,60186,60156,60583,60734,60662,60785,60828,60957,60859,60719,60658,60615,60511,60022,59489,59352,59094,59033,58819,58784,58667,58472,58151,57627,57274,56876,57079,56541,56118
197,Will,247825,254000,264200,274800,281100,290800,299300,307000,313200,319600,324460,326457,325943,326758,328511,330895,334246,339236,344729,357313,359459,367887,376477,389030,402712,418351,434620,450816,467549,486207,507629,530086,553714,579547,605934,627610,650779,664048,671392,674970,678828,680400,682187,683708,685419,687263,689731,692661
199,Williamson,49021,50400,51500,52000,52400,53000,53700,54400,55500,56700,56538,57980,57917,58112,58384,58557,58539,58708,58365,57733,57715,57879,58621,59111,59955,60430,60628,61194,61372,61476,61279,61737,62137,62510,63379,63875,64424,65201,65674,66229,66433,66741,66770,67088,67008,67466,67640,67328
201,Winnebago,246623,245500,244700,246200,247400,246800,246000,245700,247400,247700,250884,251412,249698,248221,247853,249140,249009,249410,249652,252913,253721,258085,261397,264649,266904,269020,271688,273489,275161,276752,278981,280009,281162,283230,284337,286178,289405,293991,295726,295612,295151,293667,291923,290845,288542,287078,286088,284778
203,Woodford,28012,28300,28800,28800,29300,30000,30500,31200,32000,31900,33320,33744,33563,33127,32805,32304,32654,32474,32006,32653,32817,33379,33453,33686,33897,34437,34656,34781,35144,35449,35499,35559,35698,36041,36514,37032,37385,37961,38452,38675,38640,38913,38925,39155,39187,39227,38933,38726
